"HH1","HH2","UF4","Index_Birth_Registered_R","Index_Disabled_Child_R","Index_Mother_Disabled_R","Birth_of_Child_not_wanted","Disability_Dummy_Ref","Religion_Belief_Dummy","Ethnic_Immigration_Dummy","Sex_Dummy","Sexual_Orientation_Dummy","Age_Dummy","Other_Reason_Dummy","level_of_education_mother_r","Mother_Health_Insurance","HouseHead_Religiosity_R","family_economic_status"
1,12,4,1,0,1,0,0,0,0,0,0,0,0,0,1,1,NA
1,12,4,1,0,1,0,0,0,0,0,0,0,0,0,1,1,NA
1,13,2,1,0,0,NA,0,0,0,0,0,0,0,0,1,1,0
1,13,2,1,0,0,NA,0,0,0,0,0,0,0,0,1,1,0
1,18,2,1,0,1,NA,0,0,0,0,0,0,0,NA,1,1,NA
1,21,1,1,0,0,NA,0,0,0,0,0,0,0,NA,0,1,1
1,24,1,1,1,1,NA,0,0,0,1,0,1,0,0,1,1,1
1,25,1,1,NA,0,1,0,0,0,1,0,1,0,NA,1,1,NA
1,25,1,1,NA,0,1,0,0,0,1,0,1,0,NA,1,1,NA
1,8,2,1,0,0,1,0,0,1,0,0,0,0,NA,1,1,NA
1,8,2,1,NA,0,1,0,0,1,0,0,0,0,NA,1,1,NA
10,11,2,1,0,1,NA,0,0,0,0,0,0,0,0,1,1,NA
10,13,2,1,NA,0,0,0,0,0,0,0,0,0,NA,1,1,NA
10,17,4,1,0,1,NA,NA,NA,NA,NA,NA,NA,NA,NA,NA,1,1
10,17,4,1,0,1,NA,0,0,1,0,0,0,0,0,1,1,1
10,2,4,1,1,1,NA,0,0,0,0,0,0,0,0,1,1,NA
10,2,4,1,1,1,0,0,0,0,0,0,0,0,1,1,1,NA
10,2,4,1,NA,1,NA,0,0,0,0,0,0,0,0,1,1,NA
10,2,4,1,NA,1,0,0,0,0,0,0,0,0,1,1,1,NA
10,4,2,1,NA,1,1,0,1,1,0,0,0,0,NA,1,1,1
10,4,2,1,1,1,1,0,1,1,0,0,0,0,NA,1,1,1
10,4,2,1,0,1,1,0,1,1,0,0,0,0,NA,1,1,1
10,6,2,1,0,1,NA,0,0,0,0,0,0,0,0,1,1,NA
10,8,4,1,0,1,NA,0,0,1,0,0,0,0,0,1,1,NA
10,9,2,1,0,1,NA,0,0,0,0,0,0,0,NA,1,1,NA
10,9,2,1,0,1,NA,0,0,0,0,0,0,0,NA,1,1,NA
11,11,2,1,0,0,NA,0,0,0,0,0,0,0,0,1,1,NA
11,13,2,1,NA,1,1,0,0,0,0,0,0,0,0,1,1,0
11,15,2,1,0,1,NA,0,0,0,0,0,0,0,0,1,1,NA
11,20,2,1,0,1,NA,0,0,0,0,0,0,0,1,1,1,1
11,3,2,1,0,1,NA,0,0,0,0,0,0,0,0,1,1,0
12,12,2,1,NA,1,0,0,0,0,0,0,0,0,0,1,1,NA
12,14,2,1,NA,0,0,0,0,0,0,0,0,0,0,1,1,NA
12,14,2,1,NA,0,NA,0,0,0,0,0,0,0,NA,NA,1,NA
12,3,2,1,NA,0,0,0,0,0,0,0,0,0,0,1,1,1
12,6,4,1,0,0,0,0,0,0,0,0,0,0,1,1,1,NA
12,6,4,1,NA,0,0,0,0,0,0,0,0,0,1,1,1,NA
12,9,4,0,NA,0,0,0,0,0,0,0,0,0,1,1,1,NA
13,14,4,1,0,0,NA,0,0,0,0,0,0,0,0,1,1,NA
13,14,4,1,0,0,NA,0,0,0,0,0,0,0,0,1,1,NA
13,5,4,1,NA,1,0,0,0,0,0,0,0,0,NA,1,1,NA
13,5,4,1,NA,1,NA,0,0,0,0,0,0,0,0,1,1,NA
13,8,4,1,NA,0,NA,0,0,0,0,0,0,0,0,1,1,NA
13,8,4,1,NA,0,0,0,0,0,0,0,0,0,0,1,1,NA
13,9,2,1,0,0,NA,0,0,0,0,0,0,0,0,1,1,0
14,10,5,1,NA,0,NA,0,0,0,0,0,0,0,0,1,1,NA
14,10,5,1,NA,0,NA,0,0,0,0,0,0,0,0,1,1,NA
14,10,5,1,NA,0,0,0,0,0,0,0,0,0,0,1,1,NA
14,10,6,1,0,0,NA,0,0,0,0,0,0,0,0,1,1,NA
14,10,6,1,0,0,NA,0,0,0,0,0,0,0,0,1,1,NA
14,10,6,1,0,0,0,0,0,0,0,0,0,0,0,1,1,NA
15,7,2,1,0,0,0,0,0,0,0,0,0,0,0,1,1,NA
15,7,2,1,NA,0,0,0,0,0,0,0,0,0,0,1,1,NA
15,8,2,1,0,1,NA,0,0,0,0,0,0,0,0,1,1,NA
16,1,1,1,NA,1,0,0,0,0,1,0,0,0,NA,1,1,NA
16,1,1,1,0,1,0,0,0,0,1,0,0,0,NA,1,1,NA
16,11,2,1,0,1,NA,0,0,0,0,0,0,0,0,1,1,NA
16,17,4,1,NA,NA,0,0,0,0,0,0,0,0,NA,0,1,NA
16,17,4,1,NA,NA,NA,0,0,0,0,0,0,0,0,0,1,NA
16,19,1,1,0,NA,NA,NA,NA,NA,NA,NA,NA,NA,NA,NA,1,NA
16,2,2,1,0,0,NA,0,0,0,0,0,0,0,NA,1,1,NA
16,20,1,1,NA,0,0,0,0,0,0,0,0,0,NA,1,1,NA
16,4,2,1,0,0,NA,0,0,0,0,0,0,0,0,1,1,NA
16,6,5,1,0,1,NA,0,0,0,0,0,0,0,0,1,1,NA
17,1,2,1,0,1,NA,0,0,0,0,0,0,0,1,1,1,NA
17,1,2,1,0,1,NA,0,0,0,0,0,0,0,1,1,1,NA
17,10,2,0,1,1,NA,0,0,0,0,0,0,0,NA,1,1,NA
17,13,2,1,0,0,NA,0,0,0,0,0,0,0,1,1,1,NA
17,19,6,NA,NA,NA,NA,NA,NA,NA,NA,NA,NA,NA,NA,NA,1,NA
17,19,6,NA,NA,NA,NA,0,0,0,0,0,0,0,NA,NA,1,NA
17,19,6,NA,NA,NA,NA,0,0,1,0,0,0,0,NA,1,1,NA
17,20,3,1,0,NA,NA,0,0,1,0,0,0,0,0,1,1,NA
17,3,3,1,NA,0,0,0,0,0,0,0,0,0,0,1,1,NA
17,6,2,0,NA,1,0,0,1,1,0,0,0,0,0,0,1,NA
17,6,2,1,NA,1,0,0,1,1,0,0,0,0,0,0,1,NA
17,7,2,1,0,0,NA,0,0,0,0,0,0,0,0,1,1,NA
17,7,2,1,0,0,NA,0,0,0,0,0,0,0,NA,1,1,NA
17,8,2,1,0,0,NA,0,0,0,0,0,0,0,0,1,1,NA
17,9,8,1,NA,0,0,0,0,0,0,0,0,0,0,1,1,NA
17,9,8,1,NA,0,NA,0,0,0,0,0,0,1,0,1,1,NA
17,9,8,1,NA,0,NA,0,0,0,0,0,0,0,NA,1,1,NA
17,9,8,1,NA,0,NA,0,0,0,0,0,0,0,NA,NA,1,NA
17,9,7,1,1,1,0,0,0,0,0,0,0,0,0,1,1,NA
17,9,7,1,1,1,NA,0,0,0,0,0,0,1,0,1,1,NA
17,9,7,1,1,1,NA,0,0,0,0,0,0,0,NA,1,1,NA
17,9,7,1,1,1,NA,0,0,0,0,0,0,0,NA,NA,1,NA
18,11,3,1,NA,NA,0,0,0,0,0,0,0,0,0,1,1,NA
18,11,3,1,NA,NA,NA,0,0,0,0,0,0,0,0,1,1,NA
18,14,2,1,NA,1,0,0,0,0,0,0,0,0,0,1,1,NA
18,2,4,1,NA,1,0,0,0,0,0,0,0,0,1,1,1,NA
18,2,4,1,NA,1,NA,0,0,0,0,0,0,0,0,1,1,NA
18,2,4,1,NA,1,NA,0,0,0,0,0,0,0,0,1,1,NA
18,2,9,1,0,0,0,0,0,0,0,0,0,0,1,1,1,NA
18,2,9,1,0,0,NA,0,0,0,0,0,0,0,0,1,1,NA
18,2,9,1,0,0,NA,0,0,0,0,0,0,0,0,1,1,NA
18,2,4,1,NA,1,0,0,0,0,0,0,0,0,1,1,1,NA
18,2,4,1,NA,1,NA,0,0,0,0,0,0,0,0,1,1,NA
18,2,4,1,NA,1,NA,0,0,0,0,0,0,0,0,1,1,NA
18,3,2,1,0,1,NA,0,0,0,0,0,0,0,NA,1,1,NA
18,6,4,1,0,0,NA,0,0,0,0,0,0,0,0,1,1,NA
18,7,5,1,0,1,NA,0,0,1,0,0,0,1,0,1,1,NA
18,8,3,1,0,NA,NA,0,1,1,0,0,0,0,0,1,1,NA
18,8,3,1,0,NA,NA,0,0,0,0,0,0,0,0,1,1,NA
18,8,4,1,0,0,NA,0,1,1,0,0,0,0,0,1,1,NA
18,8,4,1,0,0,NA,0,0,0,0,0,0,0,0,1,1,NA
19,11,5,1,0,0,NA,0,0,0,0,0,0,0,0,1,1,NA
19,11,5,1,0,0,NA,0,0,0,0,0,0,0,1,1,1,NA
19,12,4,1,NA,0,0,0,0,0,0,0,0,0,0,1,1,NA
19,12,4,1,0,0,0,0,0,0,0,0,0,0,0,1,1,NA
19,13,5,1,0,1,NA,0,0,0,0,0,0,0,0,1,1,NA
19,13,5,1,0,1,NA,0,0,1,0,0,0,0,0,1,1,NA
19,19,5,1,NA,NA,NA,0,0,0,0,0,0,0,0,1,1,NA
19,19,5,1,NA,NA,0,0,0,0,0,0,0,0,0,1,1,NA
19,3,9,1,NA,0,0,0,0,0,0,0,0,0,NA,1,1,NA
19,3,9,1,NA,0,0,0,0,0,0,0,0,0,0,1,1,NA
19,3,2,1,0,1,0,0,0,0,0,0,0,0,NA,1,1,NA
19,3,2,1,0,1,0,0,0,0,0,0,0,0,0,1,1,NA
19,3,2,1,0,1,0,0,0,0,0,0,0,0,NA,1,1,NA
19,3,2,1,0,1,0,0,0,0,0,0,0,0,0,1,1,NA
19,3,2,1,NA,1,0,0,0,0,0,0,0,0,NA,1,1,NA
19,3,2,1,NA,1,0,0,0,0,0,0,0,0,0,1,1,NA
19,6,2,1,NA,NA,0,0,0,0,0,0,0,0,0,1,1,NA
19,7,2,1,NA,0,0,0,0,0,0,0,0,0,NA,1,1,NA
19,8,4,1,0,0,NA,0,0,0,0,0,0,0,0,1,1,NA
2,10,3,1,0,0,NA,0,0,0,0,0,0,0,1,1,1,0
2,10,3,1,0,0,NA,0,0,0,0,0,0,0,1,1,1,0
20,16,4,1,1,0,NA,0,1,1,0,0,0,0,0,1,1,NA
20,16,4,1,1,0,0,0,0,1,0,0,0,0,1,1,1,NA
20,16,4,1,NA,0,NA,0,1,1,0,0,0,0,0,1,1,NA
20,16,4,1,NA,0,0,0,0,1,0,0,0,0,1,1,1,NA
20,18,5,1,NA,0,NA,0,0,0,0,0,0,0,0,1,1,NA
20,18,5,1,NA,0,NA,0,0,0,0,0,0,0,NA,NA,1,NA
20,18,5,1,NA,0,0,0,0,0,0,0,0,0,0,1,1,NA
20,19,3,1,0,1,NA,0,0,0,0,0,0,0,0,1,1,NA
20,2,4,1,0,0,NA,0,1,0,0,0,0,0,0,1,1,NA
20,2,4,1,0,0,0,0,0,0,0,0,0,0,0,1,1,NA
20,2,4,1,NA,0,NA,0,1,0,0,0,0,0,0,1,1,NA
20,2,4,1,NA,0,0,0,0,0,0,0,0,0,0,1,1,NA
20,3,8,1,NA,0,0,0,0,0,0,0,0,0,1,1,1,NA
20,3,8,1,NA,0,NA,0,0,0,0,0,0,0,0,1,1,NA
21,10,4,1,0,0,NA,0,0,0,0,0,0,0,0,1,1,1
21,10,4,1,0,0,0,0,0,0,0,0,0,0,0,1,1,1
21,10,4,1,NA,0,NA,0,0,0,0,0,0,0,0,1,1,1
21,10,4,1,NA,0,0,0,0,0,0,0,0,0,0,1,1,1
21,18,4,1,0,0,NA,0,0,0,0,0,0,0,NA,1,1,NA
21,18,4,1,0,0,0,0,0,0,0,0,0,0,0,1,1,NA
21,18,4,1,NA,0,NA,0,0,0,0,0,0,0,NA,1,1,NA
21,18,4,1,NA,0,0,0,0,0,0,0,0,0,0,1,1,NA
21,19,2,1,NA,0,0,0,1,1,0,0,0,0,NA,1,1,1
21,19,2,1,1,0,0,0,1,1,0,0,0,0,NA,1,1,1
21,2,1,1,0,0,1,0,0,0,0,0,0,0,0,1,1,NA
21,2,1,1,NA,0,1,0,0,0,0,0,0,0,0,1,1,NA
21,3,4,1,NA,0,0,0,0,0,0,0,0,0,NA,1,1,1
21,3,4,1,NA,0,NA,0,0,0,0,0,0,0,0,1,1,1
21,3,4,1,0,0,0,0,0,0,0,0,0,0,NA,1,1,1
21,3,4,1,0,0,NA,0,0,0,0,0,0,0,0,1,1,1
21,3,4,1,NA,0,0,0,0,0,0,0,0,0,NA,1,1,1
21,3,4,1,NA,0,NA,0,0,0,0,0,0,0,0,1,1,1
21,6,2,1,0,1,0,0,0,0,0,0,0,0,0,1,1,NA
21,6,2,1,NA,1,0,0,0,0,0,0,0,0,0,1,1,NA
21,7,2,1,0,1,NA,0,0,0,0,0,0,0,NA,NA,1,1
21,7,2,1,0,1,0,0,0,0,0,0,0,0,0,1,1,1
21,7,2,1,0,1,NA,0,0,0,0,0,0,0,0,1,1,1
21,7,2,1,NA,1,NA,0,0,0,0,0,0,0,NA,NA,1,1
21,7,2,1,NA,1,0,0,0,0,0,0,0,0,0,1,1,1
21,7,2,1,NA,1,NA,0,0,0,0,0,0,0,0,1,1,1
22,1,2,1,NA,0,0,0,0,0,0,0,0,0,0,1,1,1
22,11,6,1,NA,1,0,0,0,0,0,0,0,0,NA,1,1,0
22,11,6,1,NA,1,NA,0,0,0,0,0,0,0,0,1,1,0
22,11,6,1,0,1,0,0,0,0,0,0,0,0,NA,1,1,0
22,11,6,1,0,1,NA,0,0,0,0,0,0,0,0,1,1,0
22,14,2,1,0,1,NA,0,0,0,0,0,0,0,0,0,1,NA
22,18,2,NA,NA,NA,NA,NA,NA,NA,NA,NA,NA,NA,NA,NA,1,NA
22,20,3,1,0,NA,NA,NA,NA,NA,NA,NA,NA,NA,NA,NA,1,NA
22,7,2,1,0,0,1,0,0,0,0,0,0,0,0,1,1,1
22,7,2,1,NA,0,1,0,0,0,0,0,0,0,0,1,1,1
23,12,4,1,0,1,NA,0,0,0,0,0,0,0,0,1,1,NA
23,12,4,1,0,1,NA,0,0,0,0,0,0,0,NA,1,1,NA
23,13,4,1,0,0,0,0,0,0,0,0,0,0,0,1,1,1
23,13,4,1,0,0,NA,0,0,0,0,0,0,0,0,1,1,1
23,13,4,1,0,0,0,0,0,0,0,0,0,0,0,1,1,1
23,13,4,1,0,0,NA,0,0,0,0,0,0,0,0,1,1,1
23,13,4,1,NA,0,0,0,0,0,0,0,0,0,0,1,1,1
23,13,4,1,NA,0,NA,0,0,0,0,0,0,0,0,1,1,1
23,14,4,1,NA,0,0,0,0,0,0,0,0,0,1,0,1,1
23,15,4,1,0,0,NA,0,0,0,0,0,0,0,NA,1,1,1
23,15,4,1,0,0,NA,0,0,0,0,0,0,0,0,1,1,1
23,2,2,1,0,1,NA,0,0,0,0,0,0,1,0,1,1,1
23,3,4,1,NA,0,0,0,0,0,0,0,0,0,1,1,1,NA
23,3,4,1,NA,0,NA,0,0,0,0,0,0,0,0,1,1,NA
24,14,6,1,0,1,0,0,0,0,0,0,0,0,1,1,1,NA
24,14,6,1,0,1,NA,0,0,0,0,0,0,0,0,1,1,NA
24,14,6,1,0,1,0,0,0,0,0,0,0,0,0,1,1,NA
24,14,6,1,NA,1,0,0,0,0,0,0,0,0,1,1,1,NA
24,14,6,1,NA,1,NA,0,0,0,0,0,0,0,0,1,1,NA
24,14,6,1,NA,1,0,0,0,0,0,0,0,0,0,1,1,NA
24,14,4,1,NA,1,0,0,0,0,0,0,0,0,1,1,1,NA
24,14,4,1,NA,1,NA,0,0,0,0,0,0,0,0,1,1,NA
24,14,4,1,NA,1,0,0,0,0,0,0,0,0,0,1,1,NA
24,17,8,1,0,1,NA,0,0,0,0,0,0,0,NA,1,1,NA
24,17,8,1,0,1,NA,0,0,0,0,0,0,0,NA,1,1,NA
24,17,8,1,0,1,NA,0,0,0,0,0,0,0,NA,1,1,NA
24,17,8,1,0,1,NA,0,0,0,0,0,0,0,NA,1,1,NA
24,20,4,1,NA,1,0,0,0,0,0,0,0,0,0,1,1,NA
25,17,4,1,NA,0,NA,0,0,0,0,0,0,0,0,1,1,NA
25,17,4,1,NA,0,0,0,0,0,0,0,0,0,0,1,1,NA
25,17,4,1,0,0,NA,0,0,0,0,0,0,0,0,1,1,NA
25,17,4,1,0,0,0,0,0,0,0,0,0,0,0,1,1,NA
25,3,3,1,NA,1,NA,0,0,0,0,0,0,0,0,1,1,1
25,3,3,1,NA,1,0,0,0,0,0,0,0,0,0,1,1,1
25,4,4,1,0,0,0,0,0,0,0,0,0,0,NA,1,1,1
25,4,4,1,NA,0,0,0,0,0,0,0,0,0,NA,1,1,1
25,6,2,1,NA,1,0,0,0,0,0,0,0,0,0,1,1,NA
25,6,2,1,0,1,0,0,0,0,0,0,0,0,0,1,1,NA
26,12,2,1,0,0,NA,0,0,0,0,0,0,0,0,1,1,NA
26,16,2,1,NA,0,0,0,0,0,0,0,0,0,0,1,1,NA
26,16,2,1,NA,0,0,0,0,0,0,0,0,0,0,1,1,NA
26,18,2,1,0,1,NA,0,0,0,0,0,0,0,NA,1,1,NA
26,19,2,1,NA,1,0,0,0,0,0,0,0,0,0,1,1,1
26,21,2,1,0,0,0,0,0,0,0,0,0,0,0,1,1,NA
26,21,2,1,NA,0,0,0,0,0,0,0,0,0,0,1,1,NA
27,11,2,1,NA,0,0,0,0,0,0,0,0,0,1,1,1,NA
27,16,2,1,0,0,NA,0,0,0,0,0,0,0,NA,NA,1,1
27,16,2,1,0,0,NA,0,0,0,0,0,0,0,0,1,1,1
27,18,4,1,0,1,NA,0,1,0,0,0,0,0,NA,1,1,NA
27,2,2,1,0,0,NA,0,0,0,1,0,0,0,0,1,1,1
27,5,4,1,NA,1,1,0,0,0,0,0,0,0,NA,1,1,1
27,5,4,1,NA,1,NA,0,0,0,0,0,0,0,0,1,1,1
27,6,4,1,1,0,1,0,0,0,0,0,0,0,1,1,1,NA
27,6,4,1,NA,0,1,0,0,0,0,0,0,0,1,1,1,NA
28,1,7,1,0,0,NA,0,0,0,0,0,0,0,0,1,1,NA
28,1,7,1,0,0,NA,0,0,0,0,0,0,0,0,1,1,NA
28,1,7,1,0,0,NA,0,0,0,0,0,0,0,0,1,1,NA
28,1,7,1,0,0,NA,0,0,0,0,0,0,0,0,1,1,NA
28,1,4,1,0,1,NA,0,0,0,0,0,0,0,0,1,1,NA
28,1,4,1,0,1,NA,0,0,0,0,0,0,0,0,1,1,NA
28,11,5,1,NA,0,0,0,0,1,1,0,0,0,0,1,1,2
28,11,5,1,NA,0,NA,0,1,1,1,0,0,0,NA,NA,1,2
28,14,4,1,0,0,NA,0,1,1,0,0,0,0,0,1,1,1
28,3,2,1,0,1,0,0,0,0,0,0,0,0,NA,1,1,1
28,3,2,1,NA,1,0,0,0,0,0,0,0,0,NA,1,1,1
28,4,3,1,NA,0,0,0,0,0,0,0,0,0,0,1,1,NA
28,4,3,1,NA,0,NA,0,0,0,0,0,0,0,NA,NA,1,NA
28,5,6,1,0,0,0,0,0,0,0,0,0,0,0,1,1,NA
28,5,6,1,NA,0,0,0,0,0,0,0,0,0,0,1,1,NA
28,7,4,1,0,0,NA,0,0,0,0,0,0,0,0,1,1,NA
28,7,4,1,0,0,NA,0,0,0,0,0,0,0,0,1,1,NA
29,1,2,1,NA,0,0,0,1,1,0,0,0,0,0,1,1,NA
29,10,4,1,NA,0,1,0,0,0,0,0,0,1,NA,1,1,NA
29,10,4,1,NA,0,NA,0,0,0,0,0,0,0,NA,NA,1,NA
29,10,4,1,0,0,1,0,0,0,0,0,0,1,NA,1,1,NA
29,10,4,1,0,0,NA,0,0,0,0,0,0,0,NA,NA,1,NA
29,12,4,1,0,1,NA,0,0,0,0,0,0,0,0,1,1,NA
29,2,4,1,NA,0,NA,0,0,0,0,0,0,0,0,1,1,NA
29,2,4,1,NA,0,0,0,1,1,1,0,1,0,1,1,1,NA
29,21,2,1,NA,0,NA,0,0,0,0,0,0,0,NA,NA,1,NA
29,21,2,1,NA,0,0,0,0,0,0,0,0,0,0,1,1,NA
29,21,2,1,NA,0,NA,0,0,0,0,0,NA,NA,NA,NA,1,NA
3,11,2,1,0,0,NA,0,0,0,0,0,0,0,1,1,1,0
3,11,2,1,0,0,NA,0,0,0,0,0,0,0,0,1,1,0
3,11,2,1,0,0,NA,0,0,0,0,0,0,0,1,1,1,0
3,11,2,1,0,0,NA,0,0,0,0,0,0,0,0,1,1,0
3,11,5,1,0,1,NA,0,0,0,0,0,0,0,1,1,1,0
3,11,5,1,0,1,NA,0,0,0,0,0,0,0,0,1,1,0
3,13,2,1,1,1,NA,0,0,1,0,0,0,0,0,1,1,NA
3,13,2,1,1,1,NA,0,0,1,0,0,0,0,1,1,1,NA
3,14,2,1,NA,1,1,0,0,0,0,0,0,0,NA,1,1,0
3,16,3,1,0,0,NA,0,0,1,0,0,0,0,0,1,1,NA
3,16,3,1,0,0,NA,0,0,1,0,0,0,1,1,1,1,NA
3,16,3,1,0,0,NA,0,0,1,0,0,0,0,0,1,1,NA
3,16,3,1,0,0,NA,0,0,1,0,0,0,1,1,1,1,NA
3,17,2,1,NA,1,0,0,0,0,0,0,0,0,1,1,1,1
3,4,2,1,NA,1,1,0,0,1,0,0,0,0,0,1,1,NA
3,4,2,1,0,1,1,0,0,1,0,0,0,0,0,1,1,NA
30,11,2,1,1,1,NA,0,0,0,0,0,0,0,NA,NA,1,1
30,11,2,1,1,1,NA,0,1,0,0,0,0,0,0,1,1,1
30,16,1,1,0,1,NA,0,0,0,0,0,0,0,1,1,1,NA
30,2,2,1,0,0,NA,NA,0,0,0,0,0,NA,NA,1,1,0
30,8,5,1,1,0,NA,0,0,0,0,0,0,0,0,1,1,NA
30,8,5,1,1,0,NA,NA,NA,NA,NA,NA,NA,NA,NA,NA,1,NA
30,8,6,NA,NA,NA,NA,0,0,0,0,0,0,0,0,1,1,NA
30,8,6,NA,NA,NA,NA,NA,NA,NA,NA,NA,NA,NA,NA,NA,1,NA
30,9,2,1,0,0,NA,0,0,0,0,0,0,0,0,1,1,NA
31,1,4,1,NA,0,0,0,0,0,0,0,0,0,0,1,1,NA
31,1,4,1,NA,0,NA,0,0,0,0,0,0,0,NA,NA,1,NA
31,1,4,1,NA,0,NA,0,0,0,0,0,0,0,0,1,1,NA
31,1,4,1,0,0,0,0,0,0,0,0,0,0,0,1,1,NA
31,1,4,1,0,0,NA,0,0,0,0,0,0,0,NA,NA,1,NA
31,1,4,1,0,0,NA,0,0,0,0,0,0,0,0,1,1,NA
31,10,2,1,0,1,NA,0,0,0,0,0,0,0,NA,NA,1,1
31,10,2,1,0,1,NA,0,0,0,0,0,0,1,0,1,1,1
31,12,3,1,0,0,0,0,0,0,0,0,0,0,1,1,1,NA
31,12,3,1,0,0,NA,0,0,0,0,0,0,0,NA,NA,1,NA
31,12,3,1,NA,0,0,0,0,0,0,0,0,0,1,1,1,NA
31,12,3,1,NA,0,NA,0,0,0,0,0,0,0,NA,NA,1,NA
31,12,3,1,0,0,0,0,0,0,0,0,0,0,1,1,1,NA
31,12,3,1,0,0,NA,0,0,0,0,0,0,0,NA,NA,1,NA
31,13,4,1,1,1,NA,0,0,0,0,0,0,0,0,1,1,NA
31,13,4,1,1,1,NA,0,0,0,0,0,0,0,NA,1,1,NA
31,16,2,1,0,1,NA,0,0,0,0,0,0,0,0,1,1,NA
31,2,1,1,0,NA,NA,0,0,0,0,0,0,0,NA,NA,1,NA
31,5,1,1,0,1,NA,0,1,0,0,0,0,0,NA,1,1,1
31,8,2,1,0,0,NA,0,0,0,0,0,0,0,0,1,1,NA
32,1,9,1,0,0,NA,0,0,0,0,0,0,0,1,1,1,1
32,1,9,1,0,0,NA,0,0,0,0,0,0,0,0,1,1,1
32,7,2,1,0,1,NA,0,0,0,0,0,0,0,0,1,1,NA
33,11,4,1,0,1,NA,0,0,0,0,0,0,0,0,1,1,NA
33,11,4,1,0,1,NA,0,0,0,0,0,0,0,1,1,1,NA
33,12,2,1,NA,1,1,0,0,0,0,0,0,0,0,1,1,NA
33,12,2,1,0,1,1,0,0,0,0,0,0,0,0,1,1,NA
33,5,5,1,NA,1,0,0,0,0,0,0,0,0,1,1,1,NA
33,5,5,1,NA,1,NA,0,0,0,0,0,0,0,NA,NA,1,NA
33,8,2,1,NA,1,0,0,0,0,0,0,0,0,0,1,1,NA
33,8,2,1,NA,1,NA,NA,NA,NA,NA,NA,NA,NA,NA,NA,1,NA
33,9,2,1,0,1,NA,0,0,0,0,0,0,0,0,1,1,NA
34,2,2,1,0,0,NA,NA,NA,NA,NA,NA,NA,NA,NA,NA,1,NA
34,2,2,1,0,0,NA,0,0,0,0,0,0,0,0,1,1,NA
34,4,4,1,0,1,NA,0,0,0,0,0,0,0,NA,1,1,NA
34,8,4,1,0,1,1,0,0,0,0,0,1,0,1,1,1,1
34,8,4,1,NA,1,1,0,0,0,0,0,1,0,1,1,1,1
34,9,6,1,NA,0,NA,0,0,0,0,0,0,0,0,1,1,0
34,9,6,1,NA,0,NA,NA,NA,NA,NA,NA,NA,NA,NA,NA,1,0
34,9,6,1,NA,0,0,0,0,0,0,0,0,0,0,1,1,0
35,12,2,1,0,1,NA,0,0,0,0,0,0,0,0,0,1,NA
35,2,1,1,0,1,NA,0,0,0,0,0,0,0,NA,1,1,1
35,3,10,NA,NA,NA,NA,NA,NA,NA,NA,NA,NA,NA,NA,NA,1,NA
35,3,10,NA,NA,NA,NA,0,0,0,0,0,0,0,NA,1,1,NA
35,3,10,NA,NA,NA,NA,NA,NA,NA,NA,NA,NA,NA,NA,NA,1,NA
35,3,10,NA,NA,NA,NA,0,0,0,0,0,0,0,NA,1,1,NA
35,3,10,NA,NA,NA,NA,NA,NA,NA,NA,NA,NA,NA,NA,NA,1,NA
35,3,10,NA,NA,NA,NA,NA,NA,NA,NA,NA,NA,NA,NA,NA,1,NA
35,3,10,NA,NA,NA,NA,0,0,0,0,0,0,0,NA,1,1,NA
35,3,10,NA,NA,NA,NA,NA,NA,NA,NA,NA,NA,NA,NA,NA,1,NA
35,3,10,NA,NA,NA,NA,0,0,0,0,0,0,0,NA,1,1,NA
35,3,10,NA,NA,NA,NA,NA,NA,NA,NA,NA,NA,NA,NA,NA,1,NA
35,3,5,1,0,0,NA,NA,NA,NA,NA,NA,NA,NA,NA,NA,1,NA
35,3,5,1,0,0,NA,0,0,0,0,0,0,0,NA,1,1,NA
35,3,5,1,0,0,NA,NA,NA,NA,NA,NA,NA,NA,NA,NA,1,NA
35,3,5,1,0,0,NA,0,0,0,0,0,0,0,NA,1,1,NA
35,3,5,1,0,0,NA,NA,NA,NA,NA,NA,NA,NA,NA,NA,1,NA
35,3,10,NA,NA,NA,NA,NA,NA,NA,NA,NA,NA,NA,NA,NA,1,NA
35,3,10,NA,NA,NA,NA,0,0,0,0,0,0,0,NA,1,1,NA
35,3,10,NA,NA,NA,NA,NA,NA,NA,NA,NA,NA,NA,NA,NA,1,NA
35,3,10,NA,NA,NA,NA,0,0,0,0,0,0,0,NA,1,1,NA
35,3,10,NA,NA,NA,NA,NA,NA,NA,NA,NA,NA,NA,NA,NA,1,NA
35,3,10,NA,NA,NA,NA,NA,NA,NA,NA,NA,NA,NA,NA,NA,1,NA
35,3,10,NA,NA,NA,NA,0,0,0,0,0,0,0,NA,1,1,NA
35,3,10,NA,NA,NA,NA,NA,NA,NA,NA,NA,NA,NA,NA,NA,1,NA
35,3,10,NA,NA,NA,NA,0,0,0,0,0,0,0,NA,1,1,NA
35,3,10,NA,NA,NA,NA,NA,NA,NA,NA,NA,NA,NA,NA,NA,1,NA
35,6,2,1,0,1,1,0,0,0,0,0,0,0,0,1,1,NA
35,8,2,1,0,0,NA,0,0,0,0,0,0,0,NA,1,1,NA
35,8,2,1,0,0,NA,0,0,0,0,0,0,0,NA,1,1,NA
35,9,2,1,0,1,NA,0,0,0,0,0,0,0,NA,NA,1,NA
35,9,2,1,0,1,NA,0,0,0,0,0,0,0,NA,1,1,NA
36,10,3,1,NA,0,0,0,0,0,0,0,0,0,0,1,1,NA
36,10,3,1,NA,0,NA,0,0,0,0,0,0,0,0,1,1,NA
36,14,2,1,0,1,NA,0,0,0,0,0,0,0,0,1,1,NA
36,14,2,1,0,1,NA,0,0,0,0,0,0,0,0,1,1,NA
36,20,3,1,0,1,NA,0,0,0,0,0,0,0,0,1,1,NA
36,20,3,1,0,1,NA,0,0,1,0,0,0,0,NA,NA,1,NA
36,7,2,1,0,0,NA,0,0,0,0,0,0,0,0,1,1,NA
36,8,9,1,NA,1,0,0,0,0,0,0,0,0,0,1,1,NA
36,8,9,1,NA,1,NA,0,0,0,0,0,0,0,NA,1,1,NA
37,1,2,1,0,0,0,0,0,0,0,0,0,0,NA,1,1,NA
37,1,2,1,NA,0,0,0,0,0,0,0,0,0,NA,1,1,NA
37,11,1,NA,0,NA,NA,NA,NA,NA,NA,NA,NA,NA,NA,NA,1,NA
37,13,4,1,0,1,NA,0,0,0,0,0,0,0,0,1,1,NA
37,14,3,1,0,1,0,0,0,0,0,0,0,0,0,1,1,NA
37,14,3,1,NA,1,0,0,0,0,0,0,0,0,0,1,1,NA
37,16,4,1,NA,0,0,0,0,0,0,0,0,0,NA,1,1,NA
37,20,2,1,0,1,NA,0,0,0,0,0,0,0,0,1,1,NA
37,4,2,1,0,1,1,0,0,0,0,0,0,0,NA,1,1,NA
37,4,2,1,0,1,1,0,0,0,0,0,0,0,NA,1,1,NA
37,5,2,1,1,1,NA,0,0,0,0,0,0,0,0,1,1,NA
37,8,4,1,0,0,NA,0,0,0,0,0,0,0,0,1,1,NA
37,8,4,1,0,0,NA,0,0,0,0,0,0,0,1,1,1,NA
38,12,4,1,NA,0,0,0,0,0,0,0,0,0,NA,1,1,NA
38,12,4,1,NA,0,NA,0,0,0,0,0,0,0,0,1,1,NA
38,12,4,1,0,0,0,0,0,0,0,0,0,0,NA,1,1,NA
38,12,4,1,0,0,NA,0,0,0,0,0,0,0,0,1,1,NA
38,13,5,1,0,0,NA,0,0,0,0,0,0,0,NA,1,1,0
38,13,5,1,0,0,NA,0,0,0,0,0,0,0,NA,1,1,0
38,14,2,1,NA,1,1,0,0,0,0,0,0,0,NA,1,1,NA
38,14,2,1,0,1,1,0,0,0,0,0,0,0,NA,1,1,NA
38,16,2,1,0,0,NA,0,0,0,0,0,0,0,0,1,1,NA
38,16,2,1,0,0,1,0,0,0,0,0,0,0,NA,1,1,NA
38,16,2,1,0,0,NA,0,0,0,0,0,0,0,0,1,1,NA
38,16,2,1,0,0,1,0,0,0,0,0,0,0,NA,1,1,NA
38,16,8,1,NA,1,NA,0,0,0,0,0,0,0,0,1,1,NA
38,16,8,1,NA,1,1,0,0,0,0,0,0,0,NA,1,1,NA
38,16,8,1,NA,1,NA,0,0,0,0,0,0,0,0,1,1,NA
38,16,8,1,NA,1,1,0,0,0,0,0,0,0,NA,1,1,NA
38,17,2,1,NA,1,0,0,0,0,0,0,0,0,0,1,1,NA
38,18,4,1,NA,1,0,0,0,0,0,0,0,0,NA,1,1,NA
38,18,4,1,0,1,0,0,0,0,0,0,0,0,NA,1,1,NA
38,19,1,1,1,1,1,0,0,0,0,0,0,0,NA,0,1,NA
38,19,1,1,NA,1,1,0,0,0,0,0,0,0,NA,0,1,NA
38,4,2,1,0,1,NA,0,0,0,0,0,0,0,1,1,1,1
38,6,4,1,0,1,0,0,0,0,0,0,0,0,0,1,1,NA
38,6,4,1,0,1,NA,0,0,0,0,0,0,0,NA,1,1,NA
38,6,9,1,NA,1,0,0,0,0,0,0,0,0,0,1,1,NA
38,6,9,1,NA,1,NA,0,0,0,0,0,0,0,NA,1,1,NA
38,8,4,1,NA,1,NA,0,0,0,0,0,0,0,NA,1,1,NA
38,8,4,1,NA,1,0,0,0,1,1,0,0,0,NA,0,1,NA
39,14,4,1,NA,1,1,0,0,0,0,0,0,0,0,1,1,1
39,14,4,1,0,1,1,0,0,0,0,0,0,0,0,1,1,1
39,15,4,1,0,0,1,0,0,0,0,0,0,0,0,1,1,NA
39,15,4,1,0,0,NA,0,0,0,0,0,0,0,NA,1,1,NA
39,15,4,1,NA,0,1,0,0,0,0,0,0,0,0,1,1,NA
39,15,4,1,NA,0,NA,0,0,0,0,0,0,0,NA,1,1,NA
39,18,5,1,NA,0,NA,0,0,0,0,0,0,0,0,1,1,NA
39,18,5,1,NA,0,0,0,0,0,0,0,0,0,NA,1,1,NA
39,18,5,1,0,0,NA,0,0,0,0,0,0,0,0,1,1,NA
39,18,5,1,0,0,0,0,0,0,0,0,0,0,NA,1,1,NA
39,3,11,1,NA,1,0,0,0,1,1,0,0,0,NA,1,1,NA
39,3,11,1,NA,1,NA,0,0,0,0,0,0,0,NA,1,1,NA
39,3,11,1,NA,1,NA,NA,NA,NA,NA,NA,NA,NA,NA,NA,1,NA
39,3,11,1,NA,1,NA,0,0,0,0,0,0,0,NA,1,1,NA
39,3,3,1,0,0,0,0,0,1,1,0,0,0,NA,1,1,NA
39,3,3,1,0,0,NA,0,0,0,0,0,0,0,NA,1,1,NA
39,3,3,1,0,0,NA,NA,NA,NA,NA,NA,NA,NA,NA,NA,1,NA
39,3,3,1,0,0,NA,0,0,0,0,0,0,0,NA,1,1,NA
39,3,11,1,0,1,0,0,0,1,1,0,0,0,NA,1,1,NA
39,3,11,1,0,1,NA,0,0,0,0,0,0,0,NA,1,1,NA
39,3,11,1,0,1,NA,NA,NA,NA,NA,NA,NA,NA,NA,NA,1,NA
39,3,11,1,0,1,NA,0,0,0,0,0,0,0,NA,1,1,NA
39,3,18,1,0,1,0,0,0,1,1,0,0,0,NA,1,1,NA
39,3,18,1,0,1,NA,0,0,0,0,0,0,0,NA,1,1,NA
39,3,18,1,0,1,NA,NA,NA,NA,NA,NA,NA,NA,NA,NA,1,NA
39,3,18,1,0,1,NA,0,0,0,0,0,0,0,NA,1,1,NA
39,4,2,1,0,1,NA,0,1,1,1,0,0,0,0,1,1,NA
39,7,2,1,0,1,NA,0,0,0,0,0,0,0,0,1,1,1
39,9,4,1,0,1,NA,0,0,0,0,0,0,0,NA,NA,1,1
39,9,4,1,0,1,NA,0,0,0,0,0,0,0,NA,1,1,1
4,11,2,1,1,1,NA,0,0,0,0,0,0,0,NA,1,1,NA
4,14,2,1,NA,0,0,0,1,0,0,0,0,0,0,1,1,NA
4,18,2,1,0,1,NA,0,0,1,0,0,0,0,NA,1,1,NA
4,20,4,1,0,1,NA,0,0,0,0,0,0,0,0,1,1,NA
40,12,4,1,0,0,NA,0,0,0,0,0,0,0,0,1,1,NA
40,12,4,1,0,0,NA,0,0,0,0,0,0,0,0,1,1,NA
40,12,4,1,0,0,0,0,0,0,0,0,0,0,NA,1,1,NA
40,12,4,1,1,0,NA,0,0,0,0,0,0,0,0,1,1,NA
40,12,4,1,1,0,NA,0,0,0,0,0,0,0,0,1,1,NA
40,12,4,1,1,0,0,0,0,0,0,0,0,0,NA,1,1,NA
40,12,10,1,0,NA,NA,0,0,0,0,0,0,0,0,1,1,NA
40,12,10,1,0,NA,NA,0,0,0,0,0,0,0,0,1,1,NA
40,12,10,1,0,NA,0,0,0,0,0,0,0,0,NA,1,1,NA
40,12,4,1,NA,0,NA,0,0,0,0,0,0,0,0,1,1,NA
40,12,4,1,NA,0,NA,0,0,0,0,0,0,0,0,1,1,NA
40,12,4,1,NA,0,0,0,0,0,0,0,0,0,NA,1,1,NA
40,15,6,1,NA,0,NA,0,0,0,0,0,0,0,1,1,1,NA
40,15,6,1,NA,0,0,0,0,0,0,0,0,0,0,1,1,NA
40,15,6,1,0,0,NA,0,0,0,0,0,0,0,1,1,1,NA
40,15,6,1,0,0,0,0,0,0,0,0,0,0,0,1,1,NA
40,17,4,1,NA,NA,NA,0,0,0,0,0,0,0,NA,1,1,NA
40,17,4,1,NA,NA,0,0,0,0,0,0,0,0,0,1,1,NA
40,2,4,1,0,1,0,0,0,0,0,0,0,0,0,1,1,1
40,2,4,1,0,1,NA,0,1,0,0,0,0,0,0,1,1,1
40,2,4,1,0,1,NA,0,0,0,0,0,0,0,NA,NA,1,1
40,2,4,1,NA,1,0,0,0,0,0,0,0,0,0,1,1,1
40,2,4,1,NA,1,NA,0,1,0,0,0,0,0,0,1,1,1
40,2,4,1,NA,1,NA,0,0,0,0,0,0,0,NA,NA,1,1
40,21,2,1,0,1,0,0,0,0,0,0,0,0,NA,1,1,NA
40,21,2,1,NA,1,0,0,0,0,0,0,0,0,NA,1,1,NA
40,3,2,1,NA,1,0,0,0,0,0,0,0,0,0,1,1,NA
40,3,2,1,0,1,0,0,0,0,0,0,0,0,0,1,1,NA
40,5,2,1,1,1,NA,0,0,0,0,0,0,0,NA,NA,1,NA
40,5,2,1,1,1,NA,0,0,0,0,0,0,0,0,1,1,NA
40,6,4,1,0,0,NA,0,1,0,1,0,1,0,1,1,1,1
40,6,4,1,0,0,NA,0,0,0,0,0,0,0,NA,NA,1,1
40,6,4,1,0,0,NA,NA,NA,NA,NA,NA,NA,NA,NA,NA,1,1
40,7,4,1,NA,0,0,0,0,0,0,0,0,0,NA,1,1,NA
40,7,4,1,NA,0,NA,NA,NA,NA,NA,NA,NA,NA,NA,NA,1,NA
40,7,4,1,0,0,0,0,0,0,0,0,0,0,NA,1,1,NA
40,7,4,1,0,0,NA,NA,NA,NA,NA,NA,NA,NA,NA,NA,1,NA
40,9,2,1,NA,0,0,0,0,0,0,0,0,0,NA,1,1,NA
41,1,4,1,0,1,NA,0,0,0,0,0,0,0,0,1,1,NA
41,10,4,1,0,1,0,0,0,0,0,0,0,0,NA,1,1,NA
41,10,4,1,0,1,NA,0,0,0,0,0,0,0,0,1,1,NA
41,10,4,1,0,1,NA,0,0,0,0,0,0,0,NA,NA,1,NA
41,10,4,1,NA,1,0,0,0,0,0,0,0,0,NA,1,1,NA
41,10,4,1,NA,1,NA,0,0,0,0,0,0,0,0,1,1,NA
41,10,4,1,NA,1,NA,0,0,0,0,0,0,0,NA,NA,1,NA
41,12,3,1,NA,1,NA,0,0,0,0,0,0,0,NA,NA,1,NA
41,12,3,1,NA,1,0,0,0,1,1,0,0,0,NA,1,1,NA
41,12,3,1,0,1,NA,0,0,0,0,0,0,0,NA,NA,1,NA
41,12,3,1,0,1,0,0,0,1,1,0,0,0,NA,1,1,NA
41,14,2,1,0,1,NA,0,0,0,0,0,0,0,0,1,1,NA
41,16,4,1,0,0,1,0,0,0,0,0,0,0,0,1,1,NA
41,16,4,1,0,0,NA,0,0,0,0,0,0,0,0,1,1,NA
41,16,4,1,NA,0,1,0,0,0,0,0,0,0,0,1,1,NA
41,16,4,1,NA,0,NA,0,0,0,0,0,0,0,0,1,1,NA
41,16,4,1,0,0,1,0,0,0,0,0,0,0,0,1,1,NA
41,16,4,1,0,0,NA,0,0,0,0,0,0,0,0,1,1,NA
41,17,2,1,NA,0,1,0,0,0,0,0,0,0,NA,1,1,1
41,17,2,1,1,0,1,0,0,0,0,0,0,0,NA,1,1,1
41,18,1,1,1,0,0,0,0,0,0,0,0,0,0,1,1,2
41,18,1,1,NA,0,0,0,0,0,0,0,0,0,0,1,1,2
41,19,5,1,0,0,NA,NA,NA,NA,NA,NA,NA,NA,NA,NA,1,NA
41,19,5,1,0,0,1,0,0,0,0,0,0,0,1,1,1,NA
41,19,5,1,NA,0,NA,NA,NA,NA,NA,NA,NA,NA,NA,NA,1,NA
41,19,5,1,NA,0,1,0,0,0,0,0,0,0,1,1,1,NA
41,19,3,1,0,NA,NA,NA,NA,NA,NA,NA,NA,NA,NA,NA,1,NA
41,19,3,1,0,NA,1,0,0,0,0,0,0,0,1,1,1,NA
41,19,5,1,NA,0,NA,NA,NA,NA,NA,NA,NA,NA,NA,NA,1,NA
41,19,5,1,NA,0,1,0,0,0,0,0,0,0,1,1,1,NA
41,7,2,1,NA,1,0,0,0,0,0,0,0,0,NA,1,1,NA
41,7,2,1,0,1,0,0,0,0,0,0,0,0,NA,1,1,NA
41,8,4,1,0,0,NA,0,0,0,0,0,0,0,NA,NA,1,NA
41,8,4,1,0,0,0,0,0,0,0,0,0,0,NA,1,1,NA
41,8,4,1,NA,0,NA,0,0,0,0,0,0,0,NA,NA,1,NA
41,8,4,1,NA,0,0,0,0,0,0,0,0,0,NA,1,1,NA
42,10,3,1,NA,0,0,0,0,0,0,0,0,0,NA,0,1,NA
42,10,3,1,NA,0,NA,0,1,0,1,0,0,0,NA,NA,1,NA
42,11,5,1,NA,0,1,0,0,0,0,0,0,0,0,1,1,NA
42,11,5,1,NA,0,NA,0,0,0,0,0,0,0,NA,1,1,NA
42,11,5,1,NA,0,NA,0,0,0,0,0,0,0,NA,NA,1,NA
42,11,5,1,0,0,1,0,0,0,0,0,0,0,0,1,1,NA
42,11,5,1,0,0,NA,0,0,0,0,0,0,0,NA,1,1,NA
42,11,5,1,0,0,NA,0,0,0,0,0,0,0,NA,NA,1,NA
42,11,5,1,NA,0,1,0,0,0,0,0,0,0,0,1,1,NA
42,11,5,1,NA,0,NA,0,0,0,0,0,0,0,NA,1,1,NA
42,11,5,1,NA,0,NA,0,0,0,0,0,0,0,NA,NA,1,NA
42,11,5,1,0,0,1,0,0,0,0,0,0,0,0,1,1,NA
42,11,5,1,0,0,NA,0,0,0,0,0,0,0,NA,1,1,NA
42,11,5,1,0,0,NA,0,0,0,0,0,0,0,NA,NA,1,NA
42,12,3,1,NA,0,0,0,0,0,0,0,0,0,0,1,1,NA
42,13,1,1,0,1,1,0,1,1,0,0,0,0,1,1,1,NA
42,13,1,1,0,1,1,0,1,1,0,0,0,0,1,1,1,NA
42,16,1,1,0,0,NA,0,0,0,0,0,0,0,0,1,1,1
42,4,4,1,NA,0,0,0,0,0,0,0,0,0,1,1,1,NA
42,4,4,1,0,0,0,0,0,0,0,0,0,0,1,1,1,NA
42,5,2,1,0,1,NA,0,0,0,0,0,0,0,0,1,1,NA
42,7,4,NA,NA,NA,NA,NA,NA,NA,NA,NA,NA,NA,NA,NA,1,NA
42,7,4,NA,NA,NA,NA,NA,NA,NA,NA,NA,NA,NA,NA,NA,1,NA
42,7,4,NA,NA,NA,NA,0,1,0,0,0,0,0,0,1,1,NA
42,7,4,NA,NA,NA,NA,NA,NA,NA,NA,NA,NA,NA,NA,NA,1,NA
42,7,4,NA,NA,NA,NA,NA,NA,NA,NA,NA,NA,NA,NA,NA,1,NA
42,7,4,NA,NA,NA,NA,0,1,0,0,0,0,0,0,1,1,NA
42,8,3,1,NA,0,0,0,0,0,0,0,0,0,0,1,1,NA
42,8,3,1,0,0,0,0,0,0,0,0,0,0,0,1,1,NA
42,9,1,1,0,0,0,0,1,0,0,0,0,0,0,1,1,NA
42,9,1,1,NA,0,0,0,1,0,0,0,0,0,0,1,1,NA
43,11,2,1,0,0,NA,0,0,0,0,0,0,0,0,1,1,NA
43,11,2,1,0,0,NA,0,0,0,0,0,0,0,NA,NA,1,NA
43,13,4,1,NA,0,NA,0,0,0,0,0,0,0,NA,NA,1,NA
43,13,4,1,NA,0,NA,0,0,0,0,0,0,0,NA,1,1,NA
43,13,4,1,NA,0,0,0,0,0,0,0,0,0,1,1,1,NA
43,18,4,1,0,0,NA,0,0,0,0,0,0,0,0,1,1,NA
43,18,4,1,0,0,NA,0,0,0,0,0,0,0,0,1,1,NA
43,2,5,NA,NA,NA,NA,NA,NA,NA,NA,NA,NA,NA,NA,NA,1,1
43,2,5,NA,NA,NA,NA,0,0,0,1,0,0,0,0,1,1,1
43,2,5,NA,NA,NA,NA,NA,NA,NA,NA,NA,NA,NA,NA,NA,1,1
43,2,5,NA,NA,NA,NA,NA,NA,NA,NA,NA,NA,NA,NA,NA,1,1
43,2,4,NA,NA,NA,NA,NA,NA,NA,NA,NA,NA,NA,NA,NA,1,1
43,2,4,NA,NA,NA,NA,0,0,0,1,0,0,0,0,1,1,1
43,2,4,NA,NA,NA,NA,NA,NA,NA,NA,NA,NA,NA,NA,NA,1,1
43,2,4,NA,NA,NA,NA,NA,NA,NA,NA,NA,NA,NA,NA,NA,1,1
43,5,1,1,0,0,NA,0,0,0,0,0,0,0,0,1,1,NA
43,5,1,1,0,0,NA,0,0,0,0,0,0,0,0,1,1,NA
43,7,1,1,0,1,NA,0,0,0,0,0,0,0,0,1,1,1
43,7,1,1,0,1,NA,0,0,0,0,0,0,0,NA,NA,1,1
44,1,1,1,0,1,NA,0,1,1,0,0,0,0,0,1,1,NA
44,12,4,1,0,0,NA,0,0,0,0,0,0,0,NA,1,1,NA
44,12,4,1,0,0,NA,0,0,0,0,0,0,0,NA,1,1,NA
44,13,1,1,0,0,NA,0,0,0,0,0,0,0,0,1,1,NA
44,14,2,0,0,0,NA,0,0,0,0,0,0,0,0,1,1,NA
44,14,2,1,0,0,NA,0,0,0,0,0,0,0,0,1,1,NA
44,15,5,NA,NA,NA,NA,NA,NA,NA,NA,NA,NA,NA,NA,NA,1,NA
44,17,2,1,NA,0,0,0,0,0,0,0,0,0,0,1,1,NA
44,18,2,1,0,1,NA,0,0,0,0,0,0,0,0,1,1,NA
44,3,2,1,0,1,NA,0,0,0,0,0,0,0,0,1,1,NA
44,5,2,1,0,1,NA,0,0,0,0,0,0,0,0,1,1,NA
44,7,2,1,NA,0,1,0,0,0,0,0,0,0,0,1,1,NA
45,14,6,1,NA,NA,0,0,0,0,0,0,0,0,0,1,1,NA
45,14,6,1,NA,NA,NA,0,0,0,0,0,0,0,0,1,1,NA
45,15,3,0,NA,0,1,0,0,0,0,0,0,0,NA,0,1,NA
45,19,2,1,0,0,NA,0,0,0,0,0,0,0,0,0,1,NA
45,2,4,1,0,NA,NA,0,1,1,1,0,0,0,0,1,1,NA
45,20,1,1,NA,0,0,0,0,0,0,0,0,0,0,1,1,NA
45,20,1,1,0,0,0,0,0,0,0,0,0,0,0,1,1,NA
45,3,3,1,0,0,NA,0,1,0,0,0,0,0,NA,0,1,NA
45,3,3,1,0,0,NA,0,0,0,0,0,0,0,NA,1,1,NA
45,3,3,1,0,0,NA,0,1,0,0,0,0,0,NA,0,1,NA
45,3,3,1,0,0,NA,0,0,0,0,0,0,0,NA,1,1,NA
46,17,5,1,0,0,0,1,1,1,1,0,1,0,0,1,1,NA
46,17,5,1,0,0,NA,0,1,0,0,0,0,0,NA,NA,1,NA
46,17,5,1,NA,0,0,1,1,1,1,0,1,0,0,1,1,NA
46,17,5,1,NA,0,NA,0,1,0,0,0,0,0,NA,NA,1,NA
46,3,2,1,0,0,NA,0,0,0,0,0,0,0,NA,NA,1,NA
46,3,2,1,0,0,0,0,0,0,0,0,0,0,0,1,1,NA
46,3,2,1,NA,0,NA,0,0,0,0,0,0,0,NA,NA,1,NA
46,3,2,1,NA,0,0,0,0,0,0,0,0,0,0,1,1,NA
46,4,1,NA,NA,NA,NA,NA,NA,NA,NA,NA,NA,NA,NA,NA,1,0
47,10,2,1,0,1,NA,0,0,0,0,0,0,0,0,0,1,NA
47,10,2,1,1,1,NA,0,0,0,0,0,0,0,0,0,1,NA
47,14,2,1,0,1,NA,0,0,0,0,0,0,0,NA,1,1,NA
47,17,3,1,NA,0,0,0,0,0,0,0,0,0,0,1,1,NA
47,17,3,1,NA,0,NA,0,0,0,0,0,0,0,0,1,1,NA
47,19,4,1,0,0,NA,0,0,0,0,0,0,0,NA,1,1,NA
47,2,1,1,1,0,NA,0,0,0,0,0,0,0,NA,1,1,NA
47,4,4,1,0,0,1,0,0,0,0,0,0,0,0,1,1,2
47,4,4,1,0,0,NA,0,0,0,0,0,0,0,0,1,1,2
47,4,4,1,NA,0,1,0,0,0,0,0,0,0,0,1,1,2
47,4,4,1,NA,0,NA,0,0,0,0,0,0,0,0,1,1,2
47,7,2,1,NA,0,0,0,1,0,0,0,1,0,1,1,1,NA
47,7,2,1,NA,0,0,0,1,0,0,0,1,0,1,1,1,NA
47,8,2,1,0,0,NA,0,0,0,0,0,0,0,0,1,1,NA
47,9,4,1,0,0,NA,0,0,0,0,0,0,0,NA,1,1,NA
48,13,2,1,0,1,NA,0,0,0,0,0,0,0,0,1,1,NA
48,14,9,1,NA,1,0,1,0,0,0,0,0,0,0,1,0,NA
48,14,9,1,NA,1,NA,NA,NA,NA,NA,NA,NA,NA,NA,NA,0,NA
48,14,9,1,NA,1,0,1,0,0,0,0,0,0,0,1,0,NA
48,14,9,1,NA,1,NA,NA,NA,NA,NA,NA,NA,NA,NA,NA,0,NA
48,14,1,NA,NA,NA,0,1,0,0,0,0,0,0,0,1,0,NA
48,14,1,NA,NA,NA,NA,NA,NA,NA,NA,NA,NA,NA,NA,NA,0,NA
48,19,2,1,0,NA,NA,NA,NA,NA,NA,NA,NA,NA,NA,NA,1,NA
48,4,4,1,NA,0,NA,0,0,1,1,0,0,0,0,1,1,NA
48,4,4,1,NA,0,0,0,0,0,0,0,0,0,0,1,1,NA
48,6,2,1,1,1,NA,0,1,1,0,0,0,0,NA,NA,1,NA
48,6,2,1,1,1,NA,NA,NA,NA,NA,NA,NA,NA,NA,NA,1,NA
48,6,2,1,1,1,NA,NA,NA,NA,NA,NA,NA,NA,NA,NA,1,NA
48,6,2,1,1,1,NA,0,0,0,0,0,0,0,NA,1,1,NA
48,6,8,NA,NA,NA,NA,0,1,1,0,0,0,0,NA,NA,1,NA
48,6,8,NA,NA,NA,NA,NA,NA,NA,NA,NA,NA,NA,NA,NA,1,NA
48,6,8,NA,NA,NA,NA,NA,NA,NA,NA,NA,NA,NA,NA,NA,1,NA
48,6,8,NA,NA,NA,NA,0,0,0,0,0,0,0,NA,1,1,NA
49,13,3,NA,NA,NA,NA,NA,NA,NA,NA,NA,NA,NA,NA,NA,1,NA
49,16,1,1,0,NA,NA,NA,NA,NA,NA,NA,NA,NA,NA,NA,1,NA
49,17,2,NA,NA,1,NA,0,0,0,0,0,0,0,0,1,0,1
49,19,2,1,NA,1,0,1,0,1,1,0,0,0,0,1,1,NA
49,3,2,1,0,0,NA,0,1,0,0,0,0,0,0,1,1,NA
49,3,2,1,NA,0,NA,0,1,0,0,0,0,0,0,1,1,NA
49,6,2,1,0,0,NA,0,0,0,0,0,0,0,0,1,1,NA
49,7,3,1,NA,0,1,0,0,0,0,0,0,0,0,1,1,NA
5,10,4,1,0,1,NA,0,0,0,0,0,0,0,0,1,1,NA
5,10,4,1,0,1,NA,0,0,1,0,0,0,0,1,1,1,NA
5,12,2,1,NA,0,0,0,0,0,0,0,0,0,1,1,1,NA
5,17,4,1,NA,1,0,0,0,0,0,0,0,0,1,1,1,NA
5,17,4,1,NA,1,NA,0,0,1,1,0,0,0,0,1,1,NA
5,17,4,1,0,1,0,0,0,0,0,0,0,0,1,1,1,NA
5,17,4,1,0,1,NA,0,0,1,1,0,0,0,0,1,1,NA
5,19,2,1,NA,0,0,0,0,0,0,0,0,0,0,1,1,NA
5,20,2,1,0,1,NA,0,0,0,0,0,0,0,0,1,1,NA
5,3,1,1,0,NA,NA,NA,NA,NA,NA,NA,NA,NA,NA,NA,1,NA
5,6,4,1,0,1,NA,0,0,0,0,0,0,0,1,1,1,NA
5,7,4,1,NA,0,NA,0,0,1,1,0,0,0,NA,1,1,NA
5,7,4,1,NA,0,1,0,0,0,0,0,0,0,0,1,1,NA
5,7,4,1,NA,0,NA,0,0,1,1,0,0,0,NA,1,1,NA
5,7,4,1,NA,0,1,0,0,0,0,0,0,0,0,1,1,NA
5,8,2,1,NA,0,0,0,0,0,0,0,0,0,1,1,1,NA
50,1,3,1,0,1,NA,0,0,1,0,0,0,0,0,1,1,NA
50,12,1,1,0,1,NA,0,1,0,0,0,1,0,0,0,1,NA
50,12,1,1,0,1,NA,0,1,0,0,0,1,0,0,0,1,NA
50,12,1,1,0,1,NA,0,1,0,0,0,1,0,0,0,1,NA
50,16,3,1,0,1,NA,0,0,0,0,0,0,0,1,1,1,NA
50,20,2,1,0,1,NA,0,0,0,0,0,0,0,0,0,1,NA
50,4,4,1,0,1,NA,0,1,1,0,0,0,0,NA,NA,1,NA
50,4,4,1,0,1,NA,0,0,1,1,0,0,0,NA,1,1,NA
50,6,2,1,NA,1,0,0,0,0,0,0,0,0,1,1,1,NA
50,6,2,1,0,1,0,0,0,0,0,0,0,0,1,1,1,NA
50,8,2,1,0,1,0,0,0,0,0,0,0,0,0,1,1,NA
50,8,2,1,NA,1,0,0,0,0,0,0,0,0,0,1,1,NA
51,1,2,1,0,0,NA,0,0,0,0,0,0,0,1,1,1,2
51,1,2,1,0,0,NA,0,0,0,0,0,0,0,1,1,1,2
51,11,2,1,0,1,NA,0,0,0,0,0,0,0,0,1,0,NA
51,18,4,1,NA,0,NA,NA,NA,NA,NA,NA,NA,NA,NA,NA,1,NA
51,18,4,1,NA,0,NA,0,0,0,0,0,0,0,0,1,1,NA
51,18,4,1,NA,0,0,0,0,0,0,0,0,0,1,1,1,NA
51,18,4,1,NA,0,NA,NA,NA,NA,NA,NA,NA,NA,NA,NA,1,NA
51,18,4,1,NA,0,NA,0,0,0,0,0,0,0,0,1,1,NA
51,18,4,1,NA,0,0,0,0,0,0,0,0,0,1,1,1,NA
52,15,1,1,0,1,NA,0,0,0,0,0,0,0,NA,NA,1,NA
52,15,1,1,0,1,NA,0,0,0,0,0,0,0,NA,1,1,NA
52,21,2,1,0,0,1,0,1,0,0,0,0,0,NA,1,1,NA
52,21,2,1,0,0,1,0,1,0,0,0,0,0,NA,1,1,NA
52,3,2,1,0,1,NA,0,0,0,0,0,0,0,0,1,1,NA
52,3,2,1,0,1,NA,0,0,0,0,0,0,0,0,1,1,NA
52,6,6,1,0,1,NA,0,0,0,0,0,0,0,NA,1,1,NA
52,6,6,1,0,1,NA,0,0,0,0,0,0,0,0,1,1,NA
52,6,6,1,1,1,NA,0,0,0,0,0,0,0,NA,1,1,NA
52,6,6,1,1,1,NA,0,0,0,0,0,0,0,0,1,1,NA
52,9,2,1,0,0,1,1,0,1,1,0,0,1,0,1,1,NA
52,9,2,1,NA,0,1,1,0,1,1,0,0,1,0,1,1,NA
53,13,2,1,0,1,NA,0,0,0,0,0,0,0,1,1,1,NA
53,3,2,1,NA,1,0,0,0,0,0,0,0,0,1,1,1,NA
54,10,6,1,0,0,0,0,0,0,0,0,0,0,0,1,1,NA
54,10,6,1,0,0,NA,0,0,0,0,0,0,0,0,1,1,NA
54,10,6,1,0,0,NA,0,0,0,0,0,0,0,0,1,1,NA
54,10,6,1,NA,0,0,0,0,0,0,0,0,0,0,1,1,NA
54,10,6,1,NA,0,NA,0,0,0,0,0,0,0,0,1,1,NA
54,10,6,1,NA,0,NA,0,0,0,0,0,0,0,0,1,1,NA
54,10,5,1,0,1,0,0,0,0,0,0,0,0,0,1,1,NA
54,10,5,1,0,1,NA,0,0,0,0,0,0,0,0,1,1,NA
54,10,5,1,0,1,NA,0,0,0,0,0,0,0,0,1,1,NA
54,16,4,1,NA,1,1,0,0,0,0,0,0,0,0,1,1,1
54,16,4,1,NA,1,NA,0,0,0,0,0,0,0,0,1,1,1
54,19,4,1,0,1,1,0,1,0,0,0,0,0,0,1,1,NA
54,19,4,1,NA,1,1,0,1,0,0,0,0,0,0,1,1,NA
54,2,2,1,NA,1,0,0,0,0,0,0,0,0,0,1,1,NA
54,2,2,1,0,1,0,0,0,0,0,0,0,0,0,1,1,NA
54,6,2,1,0,1,NA,0,0,0,0,0,0,0,0,1,1,NA
55,1,9,1,0,1,NA,0,0,0,0,0,0,0,NA,NA,1,NA
55,1,9,1,0,1,0,0,0,0,0,0,1,0,0,1,1,NA
55,1,9,1,0,1,NA,0,0,1,0,0,0,0,0,1,1,NA
55,1,9,1,0,1,NA,0,0,0,0,0,0,0,NA,NA,1,NA
55,1,9,1,NA,1,NA,0,0,0,0,0,0,0,NA,NA,1,NA
55,1,9,1,NA,1,0,0,0,0,0,0,1,0,0,1,1,NA
55,1,9,1,NA,1,NA,0,0,1,0,0,0,0,0,1,1,NA
55,1,9,1,NA,1,NA,0,0,0,0,0,0,0,NA,NA,1,NA
55,16,4,1,NA,0,1,0,0,0,0,0,0,0,1,1,1,1
55,3,2,1,0,0,NA,0,0,0,0,0,0,0,NA,1,1,NA
55,3,2,1,0,0,NA,0,0,0,0,0,0,0,NA,1,1,NA
56,15,1,1,0,0,0,0,0,1,0,0,1,0,0,1,1,NA
56,15,1,1,NA,0,0,0,0,1,0,0,1,0,0,1,1,NA
56,16,4,1,NA,0,NA,NA,NA,NA,NA,NA,NA,NA,NA,NA,1,NA
56,16,4,1,NA,0,0,0,0,0,0,0,0,0,1,1,1,NA
56,16,4,1,0,0,NA,NA,NA,NA,NA,NA,NA,NA,NA,NA,1,NA
56,16,4,1,0,0,0,0,0,0,0,0,0,0,1,1,1,NA
56,18,4,1,0,0,NA,0,0,0,0,0,0,0,0,1,1,1
56,18,4,1,0,0,0,0,0,0,0,0,0,0,0,1,1,1
56,18,4,1,0,0,0,0,0,0,0,0,0,0,0,1,1,1
56,18,4,1,NA,0,NA,0,0,0,0,0,0,0,0,1,1,1
56,18,4,1,NA,0,0,0,0,0,0,0,0,0,0,1,1,1
56,18,4,1,NA,0,0,0,0,0,0,0,0,0,0,1,1,1
56,18,9,1,NA,0,NA,0,0,0,0,0,0,0,0,1,1,1
56,18,9,1,NA,0,0,0,0,0,0,0,0,0,0,1,1,1
56,18,9,1,NA,0,0,0,0,0,0,0,0,0,0,1,1,1
56,18,4,1,0,0,NA,0,0,0,0,0,0,0,0,1,1,1
56,18,4,1,0,0,0,0,0,0,0,0,0,0,0,1,1,1
56,18,4,1,0,0,0,0,0,0,0,0,0,0,0,1,1,1
56,18,9,1,0,0,NA,0,0,0,0,0,0,0,0,1,1,1
56,18,9,1,0,0,0,0,0,0,0,0,0,0,0,1,1,1
56,18,9,1,0,0,0,0,0,0,0,0,0,0,0,1,1,1
56,20,1,NA,NA,NA,NA,NA,NA,NA,NA,NA,NA,NA,NA,NA,1,NA
56,20,1,NA,NA,NA,NA,NA,NA,NA,NA,NA,NA,NA,NA,NA,1,NA
56,7,1,1,0,1,0,0,0,1,1,0,0,NA,0,1,1,NA
56,7,1,1,NA,1,0,0,0,1,1,0,0,NA,0,1,1,NA
57,1,4,1,0,0,0,0,0,0,0,0,0,0,0,1,1,NA
57,1,4,1,NA,0,0,0,0,0,0,0,0,0,0,1,1,NA
57,12,5,1,NA,0,NA,0,0,0,0,0,NA,0,0,1,1,NA
57,12,5,1,NA,0,0,0,0,0,0,0,0,0,1,1,1,NA
57,14,2,1,NA,0,1,0,0,0,0,0,0,0,0,1,1,NA
57,15,2,1,NA,0,0,0,0,0,0,0,0,0,0,1,1,NA
57,15,2,1,0,0,0,0,0,0,0,0,0,0,0,1,1,NA
57,16,2,1,0,1,0,0,0,0,0,0,0,0,0,1,1,NA
57,16,2,1,NA,1,0,0,0,0,0,0,0,0,0,1,1,NA
57,19,2,1,0,0,NA,0,0,0,0,0,0,0,0,1,1,NA
57,19,2,1,1,0,NA,0,0,0,0,0,0,0,0,1,1,NA
57,6,1,1,0,0,NA,0,0,0,0,0,0,0,1,1,1,NA
57,6,1,1,0,0,NA,0,0,0,0,0,0,0,0,1,1,NA
58,10,2,1,0,0,0,0,0,0,0,0,0,0,0,1,1,NA
58,10,2,1,NA,0,0,0,0,0,0,0,0,0,0,1,1,NA
58,13,4,1,0,0,NA,0,0,0,0,0,0,0,1,1,1,NA
58,22,1,1,0,0,NA,0,0,0,0,0,0,0,0,1,1,NA
58,3,4,1,0,1,1,0,0,0,0,0,0,0,0,1,1,1
58,3,4,1,NA,1,1,0,0,0,0,0,0,0,0,1,1,1
58,8,2,1,NA,0,0,0,0,0,0,0,0,0,0,1,1,NA
58,8,2,1,0,0,0,0,0,0,0,0,0,0,0,1,1,NA
59,11,2,1,0,0,NA,0,0,0,0,0,0,0,1,1,1,NA
59,17,2,1,0,1,0,0,0,0,0,0,0,0,NA,1,1,NA
59,17,2,1,NA,1,0,0,0,0,0,0,0,0,NA,1,1,NA
59,17,2,1,0,1,0,0,0,0,0,0,0,0,NA,1,1,NA
59,21,2,1,0,0,NA,0,0,1,0,0,0,0,1,1,1,NA
59,22,2,1,0,0,NA,0,0,0,0,0,0,0,0,1,1,NA
59,5,4,1,0,0,NA,0,0,0,0,0,0,0,0,1,1,NA
59,5,4,1,0,0,0,0,0,0,0,0,0,0,0,1,1,NA
59,5,4,1,NA,0,NA,0,0,0,0,0,0,0,0,1,1,NA
59,5,4,1,NA,0,0,0,0,0,0,0,0,0,0,1,1,NA
59,7,2,1,NA,0,0,0,0,0,0,0,0,0,0,1,1,NA
6,10,3,1,0,1,0,0,0,0,0,0,0,0,1,1,1,NA
6,10,3,1,0,1,NA,0,0,0,0,0,0,0,1,1,1,NA
6,10,3,1,NA,1,0,0,0,0,0,0,0,0,1,1,1,NA
6,10,3,1,NA,1,NA,0,0,0,0,0,0,0,1,1,1,NA
6,11,4,1,0,1,NA,0,0,0,0,0,0,0,1,1,1,NA
6,12,1,1,0,NA,NA,0,1,0,0,0,0,0,NA,1,1,NA
6,13,9,1,0,0,0,0,0,0,0,0,0,0,0,1,1,NA
6,13,9,1,0,0,NA,0,0,0,0,0,0,0,0,1,1,NA
6,13,9,1,NA,0,0,0,0,0,0,0,0,0,0,1,1,NA
6,13,9,1,NA,0,NA,0,0,0,0,0,0,0,0,1,1,NA
6,14,2,1,0,1,NA,0,1,1,0,0,0,0,0,1,1,NA
6,19,2,1,0,1,NA,0,1,0,0,0,0,0,1,1,1,NA
6,20,4,1,0,1,NA,0,0,0,0,0,0,0,NA,1,1,NA
6,6,2,1,NA,0,0,0,0,0,0,0,0,0,0,1,1,NA
6,6,2,1,NA,0,NA,0,0,0,0,0,0,0,0,1,1,NA
60,16,2,1,0,0,NA,0,0,0,0,0,0,0,NA,1,1,NA
60,16,2,1,0,0,NA,0,0,0,0,0,0,0,NA,NA,1,NA
60,17,2,1,NA,1,0,0,1,1,0,0,0,0,NA,1,1,NA
60,19,2,1,0,0,NA,0,0,0,0,0,0,0,0,1,1,NA
60,2,2,1,0,0,0,0,0,0,0,0,0,0,0,1,1,NA
60,2,2,1,NA,0,0,0,0,0,0,0,0,0,0,1,1,NA
60,20,1,1,0,0,NA,0,0,0,0,0,0,0,NA,1,1,NA
60,8,2,1,0,1,NA,0,0,0,0,0,0,0,1,1,1,NA
61,19,4,1,0,1,NA,0,0,0,0,0,0,0,1,1,1,NA
61,20,1,1,0,0,NA,0,0,0,0,0,0,0,0,1,1,NA
61,8,4,1,NA,0,NA,0,0,0,0,0,0,0,NA,NA,1,2
61,8,4,1,NA,0,0,0,0,0,0,0,0,0,1,1,1,2
61,8,4,1,NA,0,NA,0,1,0,0,0,0,0,0,1,1,2
62,1,2,1,NA,0,0,0,0,0,0,0,0,0,0,1,1,NA
62,1,2,1,0,0,0,0,0,0,0,0,0,0,0,1,1,NA
62,15,2,1,0,0,NA,0,0,0,0,0,0,0,0,1,1,NA
62,21,1,1,0,NA,NA,NA,NA,NA,NA,NA,NA,NA,NA,NA,1,NA
62,3,3,1,0,0,NA,0,0,0,0,0,0,0,0,1,1,NA
62,5,2,1,NA,0,1,0,0,0,0,0,0,0,0,1,1,NA
63,1,4,1,0,1,NA,0,0,0,1,0,0,0,0,1,1,0
63,1,1,1,NA,NA,NA,0,0,0,1,0,0,0,0,1,1,0
63,13,5,1,0,0,NA,0,0,0,0,0,0,0,0,1,1,NA
63,13,5,1,0,0,NA,0,0,0,0,0,0,0,1,1,1,NA
63,14,4,NA,NA,NA,NA,NA,NA,NA,NA,NA,NA,NA,NA,NA,1,NA
63,14,4,NA,NA,NA,NA,0,0,0,0,0,0,0,0,1,1,NA
63,6,4,NA,NA,1,1,0,0,0,0,0,0,0,1,1,1,NA
63,6,4,NA,NA,1,1,0,0,0,0,0,0,0,1,1,1,NA
63,6,4,1,1,1,1,0,0,0,0,0,0,0,1,1,1,NA
63,7,3,1,0,1,1,0,0,0,0,0,0,0,0,1,1,NA
63,7,3,1,0,1,NA,0,0,1,0,0,0,0,NA,NA,1,NA
63,7,3,1,NA,1,1,0,0,0,0,0,0,0,0,1,1,NA
63,7,3,1,NA,1,NA,0,0,1,0,0,0,0,NA,NA,1,NA
64,11,2,1,0,1,NA,0,0,0,0,0,0,0,0,1,1,NA
64,11,2,1,0,1,NA,0,0,0,0,0,0,0,0,1,1,NA
64,16,4,1,NA,1,0,0,0,0,0,0,0,0,1,1,1,NA
64,19,4,1,NA,1,0,0,0,0,0,0,0,0,0,1,1,NA
64,2,4,1,NA,1,0,0,0,0,0,0,0,0,1,1,1,NA
64,2,4,1,NA,1,NA,0,0,1,1,0,1,0,NA,NA,1,NA
64,3,4,1,0,0,NA,0,0,0,0,0,0,0,1,1,1,NA
65,15,2,1,0,1,1,0,0,0,1,0,0,0,0,0,1,NA
65,15,2,1,0,1,1,0,0,0,1,0,0,0,0,0,1,NA
65,16,1,1,0,1,NA,0,0,0,0,0,0,0,0,0,0,NA
65,17,10,1,NA,1,0,0,0,0,0,0,0,0,0,1,1,NA
65,17,10,1,NA,1,NA,0,0,0,0,0,0,0,0,1,1,NA
65,17,10,1,NA,1,NA,NA,NA,NA,NA,NA,NA,NA,NA,NA,1,NA
65,17,10,1,NA,1,NA,0,0,0,0,0,0,0,NA,NA,1,NA
65,17,10,1,NA,1,NA,0,0,0,0,0,0,0,NA,1,1,NA
65,17,10,1,0,1,0,0,0,0,0,0,0,0,0,1,1,NA
65,17,10,1,0,1,NA,0,0,0,0,0,0,0,0,1,1,NA
65,17,10,1,0,1,NA,NA,NA,NA,NA,NA,NA,NA,NA,NA,1,NA
65,17,10,1,0,1,NA,0,0,0,0,0,0,0,NA,NA,1,NA
65,17,10,1,0,1,NA,0,0,0,0,0,0,0,NA,1,1,NA
65,17,9,1,0,1,0,0,0,0,0,0,0,0,0,1,1,NA
65,17,9,1,0,1,NA,0,0,0,0,0,0,0,0,1,1,NA
65,17,9,1,0,1,NA,NA,NA,NA,NA,NA,NA,NA,NA,NA,1,NA
65,17,9,1,0,1,NA,0,0,0,0,0,0,0,NA,NA,1,NA
65,17,9,1,0,1,NA,0,0,0,0,0,0,0,NA,1,1,NA
65,18,3,1,0,0,NA,0,0,0,0,0,0,0,NA,1,1,NA
65,19,8,1,0,0,1,0,0,0,0,0,0,0,1,1,1,NA
65,19,8,1,0,0,NA,NA,NA,NA,NA,NA,NA,NA,NA,NA,1,NA
65,19,8,1,0,0,NA,NA,NA,NA,NA,NA,NA,NA,NA,NA,1,NA
65,19,8,1,NA,0,1,0,0,0,0,0,0,0,1,1,1,NA
65,19,8,1,NA,0,NA,NA,NA,NA,NA,NA,NA,NA,NA,NA,1,NA
65,19,8,1,NA,0,NA,NA,NA,NA,NA,NA,NA,NA,NA,NA,1,NA
65,20,2,1,0,0,NA,0,0,0,0,0,0,0,0,1,1,NA
65,3,8,1,NA,0,0,0,0,0,0,0,0,0,0,1,1,NA
65,3,8,1,NA,0,NA,0,0,0,1,0,0,0,0,1,1,NA
65,5,3,1,NA,1,0,0,0,1,0,0,0,0,1,1,1,0
65,5,3,1,1,1,0,0,0,1,0,0,0,0,1,1,1,0
65,5,3,1,0,1,0,0,0,1,0,0,0,0,1,1,1,0
65,6,3,NA,NA,NA,NA,NA,NA,NA,NA,NA,NA,NA,NA,NA,1,NA
65,7,4,NA,NA,NA,NA,NA,NA,NA,NA,NA,NA,NA,NA,NA,1,NA
65,7,4,NA,NA,NA,1,NA,NA,NA,NA,NA,NA,NA,0,1,1,NA
65,7,4,NA,NA,NA,NA,NA,NA,NA,NA,NA,NA,NA,NA,NA,1,NA
65,7,4,NA,NA,NA,1,NA,NA,NA,NA,NA,NA,NA,0,1,1,NA
65,8,2,1,0,1,NA,0,0,0,0,0,0,0,1,1,1,0
66,1,1,1,0,1,NA,0,0,0,0,0,0,0,0,1,1,NA
66,11,5,1,NA,1,0,0,0,0,0,0,0,0,NA,1,1,NA
66,11,5,1,NA,1,NA,0,0,0,0,0,0,0,0,1,1,NA
66,7,4,1,0,1,NA,0,0,0,0,0,0,0,0,1,1,NA
67,11,4,1,NA,1,0,0,1,0,0,0,0,0,1,1,1,NA
67,11,4,1,0,1,0,0,1,0,0,0,0,0,1,1,1,NA
67,19,5,NA,NA,NA,NA,NA,NA,NA,NA,NA,NA,NA,NA,NA,1,NA
67,19,5,NA,NA,NA,NA,NA,NA,NA,NA,NA,NA,NA,NA,NA,1,NA
67,2,1,1,0,1,NA,0,0,0,0,0,0,0,1,1,1,2
67,2,1,1,0,1,NA,0,0,0,0,0,0,0,0,1,1,2
67,3,1,1,0,1,NA,0,0,0,0,0,0,0,0,1,1,NA
67,3,1,1,0,1,NA,0,0,0,0,0,0,0,0,1,1,NA
67,4,2,1,NA,0,1,0,0,0,0,0,0,0,0,1,1,NA
67,9,4,1,NA,1,0,0,1,1,0,0,0,0,1,1,1,NA
68,1,4,1,0,1,NA,0,0,0,0,0,0,0,0,1,1,NA
68,1,4,1,0,1,NA,0,0,0,0,0,0,0,0,1,1,NA
68,16,3,1,NA,0,1,0,0,0,0,0,0,0,0,1,1,NA
68,16,3,1,NA,0,NA,0,0,0,0,0,0,0,NA,NA,1,NA
68,16,3,1,NA,0,NA,0,0,0,0,0,0,0,0,1,1,NA
68,17,4,1,0,0,NA,0,0,0,0,0,0,0,1,1,1,NA
68,5,4,1,0,0,NA,0,0,0,0,0,0,0,0,1,1,NA
68,5,4,1,0,0,0,0,0,0,0,0,0,0,1,1,1,NA
68,5,4,1,0,0,NA,0,0,0,0,0,0,0,0,1,1,NA
68,5,4,1,0,0,0,0,0,0,0,0,0,0,1,1,1,NA
68,8,2,1,0,1,NA,0,0,0,0,0,0,0,NA,NA,1,NA
68,8,2,1,0,1,NA,0,0,0,0,0,0,0,1,1,1,NA
69,11,7,1,NA,0,NA,0,0,0,0,0,0,0,NA,1,1,NA
69,11,7,1,NA,0,0,0,0,0,0,0,0,0,1,1,1,NA
69,17,4,1,0,0,NA,0,0,0,0,0,0,0,0,1,1,NA
69,18,4,1,0,0,NA,0,0,0,0,0,0,0,1,1,1,NA
69,18,4,1,0,0,NA,0,0,0,0,0,0,0,1,1,1,NA
69,19,2,1,NA,0,1,0,0,0,0,0,0,0,NA,1,1,1
69,3,4,1,NA,0,0,0,0,0,0,0,0,0,0,1,1,NA
69,8,2,1,0,1,NA,0,0,0,0,0,0,0,0,1,1,NA
69,9,4,1,0,0,NA,0,0,0,0,0,0,0,0,1,1,1
7,10,3,1,0,1,NA,0,0,0,0,0,0,0,0,1,1,NA
7,12,3,1,NA,1,0,0,1,1,0,0,0,0,NA,0,1,NA
7,13,2,1,NA,0,0,0,1,1,0,0,0,0,NA,0,1,NA
7,14,4,NA,NA,NA,NA,NA,NA,NA,NA,NA,NA,NA,NA,NA,1,2
7,14,4,NA,NA,NA,NA,0,0,1,0,0,0,0,0,1,1,2
7,3,2,1,NA,1,1,0,0,0,0,0,0,0,0,1,1,NA
70,1,2,1,0,NA,NA,0,0,0,0,0,0,0,0,1,1,NA
70,10,3,1,0,0,NA,0,0,0,0,0,0,0,0,1,1,0
70,11,1,1,0,0,NA,0,0,0,0,0,0,0,NA,1,1,NA
70,12,2,1,NA,1,0,0,0,0,0,0,0,0,0,1,1,NA
70,12,2,1,0,1,0,0,0,0,0,0,0,0,0,1,1,NA
70,13,5,1,0,0,NA,0,0,0,0,0,0,0,NA,NA,1,NA
70,13,5,1,0,0,0,0,0,0,0,0,0,0,0,1,1,NA
70,13,5,1,NA,0,NA,0,0,0,0,0,0,0,NA,NA,1,NA
70,13,5,1,NA,0,0,0,0,0,0,0,0,0,0,1,1,NA
70,14,3,1,0,0,NA,0,0,0,0,0,0,0,0,1,1,NA
70,14,3,1,0,0,NA,0,0,0,0,0,0,0,1,1,1,NA
70,14,6,1,0,0,NA,0,0,0,0,0,0,0,0,1,1,NA
70,14,6,1,0,0,NA,0,0,0,0,0,0,0,1,1,1,NA
70,21,2,1,0,0,NA,0,1,0,0,0,0,0,1,1,1,NA
70,5,3,1,0,NA,NA,0,0,0,0,0,0,0,0,1,1,NA
70,7,4,NA,NA,NA,NA,NA,NA,NA,NA,NA,NA,NA,NA,NA,1,NA
71,1,3,1,0,0,1,0,0,0,0,0,0,0,1,1,1,NA
71,1,3,1,0,0,NA,0,0,0,0,0,0,0,NA,NA,1,NA
71,1,3,1,NA,0,1,0,0,0,0,0,0,0,1,1,1,NA
71,1,3,1,NA,0,NA,0,0,0,0,0,0,0,NA,NA,1,NA
71,11,2,1,0,1,NA,0,0,0,0,0,0,0,0,1,1,NA
71,11,2,1,0,1,NA,0,0,0,0,0,0,0,0,1,1,NA
71,12,1,1,1,0,0,0,0,0,0,0,0,0,NA,1,1,NA
71,12,1,1,NA,0,0,0,0,0,0,0,0,0,NA,1,1,NA
71,18,4,1,0,0,NA,0,0,0,0,0,0,0,NA,NA,1,NA
71,18,4,1,0,0,NA,0,0,0,0,0,0,0,0,1,1,NA
71,18,4,1,0,0,NA,NA,NA,NA,NA,NA,NA,NA,NA,NA,1,NA
71,18,10,NA,NA,NA,NA,0,0,0,0,0,0,0,NA,NA,1,NA
71,18,10,NA,NA,NA,NA,0,0,0,0,0,0,0,0,1,1,NA
71,18,10,NA,NA,NA,NA,NA,NA,NA,NA,NA,NA,NA,NA,NA,1,NA
71,19,1,1,0,0,NA,0,0,0,0,0,0,0,NA,1,1,NA
71,2,4,NA,NA,NA,NA,NA,NA,NA,NA,NA,NA,NA,NA,NA,1,NA
71,2,4,NA,NA,NA,NA,0,0,1,0,0,0,0,0,1,1,NA
71,7,1,1,0,0,NA,0,0,0,0,0,0,0,0,1,1,NA
71,8,1,1,0,0,NA,0,1,1,0,0,0,0,1,1,1,NA
71,9,1,1,0,0,NA,0,0,0,0,0,0,0,0,1,1,NA
72,1,2,1,0,0,0,0,0,0,0,0,0,0,NA,0,1,NA
72,1,2,1,NA,0,0,0,0,0,0,0,0,0,NA,0,1,NA
72,1,2,1,0,0,0,0,0,0,0,0,0,0,NA,0,1,NA
73,1,2,1,0,0,0,0,0,0,0,0,0,0,0,1,1,NA
73,1,2,1,NA,0,0,0,0,0,0,0,0,0,0,1,1,NA
73,10,4,1,NA,0,1,0,0,0,0,0,0,0,NA,1,1,1
73,13,2,1,0,1,NA,0,0,0,0,0,0,0,0,1,1,NA
73,19,2,1,NA,0,0,0,0,0,0,0,0,0,NA,1,1,NA
73,19,2,1,0,0,0,0,0,0,0,0,0,0,NA,1,1,NA
73,5,1,1,0,1,NA,0,0,0,0,0,0,0,0,1,1,1
73,7,4,1,0,1,1,0,0,0,0,0,0,0,1,1,1,1
73,7,4,1,0,1,NA,0,0,0,0,0,0,0,0,1,1,1
73,7,4,1,NA,1,1,0,0,0,0,0,0,0,1,1,1,1
73,7,4,1,NA,1,NA,0,0,0,0,0,0,0,0,1,1,1
73,8,6,1,NA,0,0,0,0,0,0,0,0,0,1,1,1,1
73,8,6,1,NA,0,NA,0,0,0,0,0,0,0,1,1,1,1
74,1,4,1,0,1,NA,0,0,0,0,0,0,0,0,1,1,NA
74,1,4,1,0,1,NA,0,0,0,0,0,0,0,NA,1,1,NA
74,13,2,1,0,0,NA,0,0,0,0,0,0,0,0,1,1,NA
74,13,2,1,0,0,0,0,0,0,0,0,0,0,0,1,1,NA
74,13,2,1,NA,0,NA,0,0,0,0,0,0,0,0,1,1,NA
74,13,2,1,NA,0,0,0,0,0,0,0,0,0,0,1,1,NA
74,18,3,1,NA,0,1,0,0,0,0,0,0,0,0,1,1,1
74,2,3,1,NA,0,0,0,0,0,0,0,0,0,1,1,1,NA
74,2,3,1,NA,0,0,0,0,0,0,0,0,0,1,1,1,NA
74,2,6,1,NA,0,0,0,0,0,0,0,0,0,1,1,1,NA
74,2,6,1,NA,0,0,0,0,0,0,0,0,0,1,1,1,NA
74,20,4,1,0,1,NA,0,0,0,0,0,0,0,0,1,1,NA
74,20,4,1,0,1,NA,0,0,0,0,0,0,0,0,1,1,NA
74,3,2,1,0,0,NA,0,0,0,0,0,0,0,NA,1,1,1
74,5,2,1,1,0,NA,0,0,0,0,0,0,0,0,1,1,NA
75,1,2,1,0,0,NA,0,0,0,0,0,0,0,NA,1,1,1
75,11,6,1,0,1,NA,0,0,0,0,0,0,0,NA,NA,1,NA
75,11,6,1,0,1,NA,0,0,0,0,0,0,0,0,1,1,NA
75,11,6,1,0,1,NA,0,0,0,0,0,0,0,NA,NA,1,NA
75,11,6,1,0,1,NA,0,0,0,0,0,0,0,NA,1,1,NA
75,19,2,1,0,0,NA,0,0,0,0,0,0,0,0,1,1,NA
75,20,2,1,NA,0,1,0,0,0,0,0,0,0,0,1,1,1
75,9,1,1,0,NA,NA,0,0,0,0,0,0,0,NA,NA,1,1
75,9,1,1,0,NA,NA,0,0,0,0,0,0,0,NA,NA,1,1
76,15,4,0,NA,0,0,0,0,0,0,0,0,0,0,1,1,NA
76,15,4,0,NA,0,NA,0,0,0,0,0,0,0,0,1,1,NA
76,18,2,1,0,0,NA,0,0,0,0,0,0,0,1,1,1,NA
76,4,2,1,NA,0,0,0,0,0,0,0,0,0,NA,1,1,NA
76,7,2,1,0,1,NA,0,0,0,0,0,0,0,0,1,1,NA
76,9,1,1,0,1,NA,0,0,0,0,0,0,0,0,1,1,0
77,1,2,1,0,1,NA,0,0,0,0,0,0,0,0,1,1,1
77,11,2,1,0,0,NA,0,0,0,0,0,0,0,NA,1,1,NA
77,13,2,1,NA,0,0,0,0,0,0,0,0,0,NA,1,1,1
77,18,4,0,NA,0,0,0,0,0,0,0,0,0,1,1,1,NA
77,18,4,0,NA,0,NA,0,0,0,0,0,0,0,NA,1,1,NA
77,7,1,1,0,NA,NA,NA,NA,NA,NA,NA,NA,NA,NA,NA,1,1
78,1,3,1,0,1,NA,0,0,0,0,0,0,0,1,1,1,1
78,12,2,1,0,1,NA,0,0,0,0,0,0,0,NA,1,1,NA
78,12,2,1,0,1,NA,0,0,0,0,0,0,0,NA,1,1,NA
78,14,2,1,NA,1,NA,0,0,0,0,0,0,0,NA,NA,1,NA
78,14,2,1,NA,1,NA,0,0,0,0,0,1,0,NA,NA,1,NA
78,14,2,1,NA,1,1,0,0,0,0,0,0,0,0,1,1,NA
78,16,2,0,0,0,NA,0,0,1,0,0,0,0,NA,0,1,NA
78,2,2,1,NA,1,1,0,0,0,0,0,0,0,0,1,1,NA
78,21,2,1,0,1,NA,0,0,0,0,0,0,0,1,1,1,NA
78,3,2,1,0,0,NA,0,0,0,0,0,0,0,NA,1,1,NA
78,3,2,1,0,0,NA,0,0,0,0,0,0,0,NA,1,1,NA
78,4,1,1,0,1,NA,0,0,1,0,0,0,0,0,1,1,NA
78,6,4,1,NA,1,0,0,0,0,0,0,0,0,0,1,1,NA
78,8,2,1,0,1,NA,0,0,1,0,1,0,0,0,1,1,NA
79,13,3,1,NA,NA,1,0,0,0,0,0,0,0,0,1,1,NA
79,14,1,1,NA,1,1,0,0,0,0,0,0,0,NA,1,1,NA
79,14,1,1,1,1,1,0,0,0,0,0,0,0,NA,1,1,NA
79,14,1,1,NA,1,1,0,0,0,0,0,0,0,NA,1,1,NA
79,16,4,1,0,0,0,0,0,0,0,0,0,0,1,1,1,NA
79,16,4,1,NA,0,0,0,0,0,0,0,0,0,1,1,1,NA
79,3,4,1,0,0,0,0,0,1,0,0,0,0,NA,1,1,NA
79,3,4,1,NA,0,0,0,0,1,0,0,0,0,NA,1,1,NA
79,4,2,1,0,1,NA,0,0,0,0,0,0,0,NA,1,1,NA
79,5,2,1,0,1,NA,0,0,0,0,0,0,0,0,1,1,NA
79,6,1,1,0,1,NA,0,1,1,0,0,0,0,NA,1,1,NA
79,6,1,1,0,1,NA,0,0,0,0,0,0,0,NA,NA,1,NA
79,7,3,1,0,1,NA,0,0,0,0,0,0,0,0,1,1,NA
79,9,2,1,NA,1,1,0,0,0,0,0,0,0,NA,1,1,NA
8,1,2,1,0,0,NA,0,0,0,0,0,0,0,0,1,1,NA
8,1,2,1,0,0,NA,0,0,0,0,0,0,0,0,1,1,NA
8,10,1,1,0,1,NA,0,0,0,0,0,0,0,0,1,1,NA
8,10,1,1,0,1,NA,0,0,0,0,0,0,0,0,1,1,NA
8,12,2,1,0,1,NA,0,0,0,0,0,0,0,0,1,1,NA
8,13,4,1,0,1,NA,0,0,0,0,0,0,0,0,1,1,NA
8,13,4,1,0,1,NA,0,0,0,0,0,0,0,NA,1,1,NA
8,14,2,1,0,0,NA,0,0,0,0,0,0,0,NA,1,1,1
8,18,1,1,0,0,NA,0,0,0,0,0,0,0,NA,1,1,1
8,19,1,1,0,1,NA,0,1,1,0,0,0,0,1,1,1,NA
8,21,2,1,0,0,NA,0,0,0,0,0,0,0,NA,1,1,NA
8,21,2,1,0,0,NA,0,0,0,0,0,0,0,NA,1,1,NA
8,4,3,1,0,1,NA,NA,NA,NA,NA,NA,NA,NA,NA,NA,1,NA
8,4,3,1,0,1,NA,0,0,0,0,0,0,0,0,1,1,NA
8,4,3,1,0,1,NA,NA,NA,NA,NA,NA,NA,NA,NA,NA,1,NA
8,4,3,1,0,1,NA,0,0,0,0,0,0,0,0,1,1,NA
8,6,3,1,NA,0,1,0,0,0,0,0,0,0,0,1,1,NA
80,11,4,1,0,0,NA,0,0,0,0,0,0,0,0,1,1,NA
80,11,4,1,0,0,NA,0,0,0,0,0,0,0,NA,1,1,NA
80,14,4,1,0,NA,0,0,0,0,0,0,0,0,0,1,1,NA
80,14,4,1,0,NA,NA,0,0,0,0,0,0,0,NA,1,1,NA
80,14,4,1,NA,NA,0,0,0,0,0,0,0,0,0,1,1,NA
80,14,4,1,NA,NA,NA,0,0,0,0,0,0,0,NA,1,1,NA
80,17,4,1,1,1,NA,0,0,0,0,0,0,0,0,1,1,1
80,5,2,1,0,0,0,0,0,0,0,0,0,0,0,1,1,NA
80,5,2,1,0,0,0,0,0,0,0,0,0,0,0,1,1,NA
80,5,2,1,NA,0,0,0,0,0,0,0,0,0,0,1,1,NA
80,6,4,1,NA,0,0,0,0,0,0,0,0,0,0,1,1,0
9,11,2,1,NA,1,1,0,0,0,0,0,0,0,0,1,1,NA
9,11,2,1,NA,1,NA,0,0,0,0,0,0,0,NA,NA,1,NA
9,12,3,1,0,0,NA,0,0,0,0,0,0,0,NA,NA,1,NA
9,12,3,1,0,0,NA,0,0,0,0,0,0,0,0,0,1,NA
9,12,3,1,0,0,0,0,0,0,0,0,0,0,1,1,1,NA
9,12,3,1,0,0,NA,0,0,0,0,0,0,0,NA,NA,1,NA
9,12,3,1,0,0,NA,0,0,0,0,0,0,0,0,0,1,NA
9,12,3,1,0,0,0,0,0,0,0,0,0,0,1,1,1,NA
9,12,3,1,NA,0,NA,0,0,0,0,0,0,0,NA,NA,1,NA
9,12,3,1,NA,0,NA,0,0,0,0,0,0,0,0,0,1,NA
9,12,3,1,NA,0,0,0,0,0,0,0,0,0,1,1,1,NA
9,14,2,0,0,1,NA,0,1,1,0,0,0,0,0,0,1,NA
9,15,1,1,NA,0,NA,0,0,0,0,0,0,0,0,1,1,NA
9,15,1,1,NA,0,0,0,1,1,0,0,0,0,0,1,1,NA
9,15,1,0,0,0,NA,0,0,0,0,0,0,0,0,1,1,NA
9,15,1,0,0,0,0,0,1,1,0,0,0,0,0,1,1,NA
9,17,2,1,NA,0,0,0,0,0,0,0,0,0,1,1,1,NA
9,3,2,1,0,0,NA,0,0,0,0,0,0,0,0,1,1,NA
9,3,2,1,0,0,NA,0,0,0,0,0,0,0,0,1,1,NA
9,4,2,1,1,1,NA,0,0,0,0,0,0,0,0,1,1,NA
9,6,2,1,0,1,NA,0,0,0,0,0,0,0,0,1,1,1
9,7,4,1,0,1,NA,0,0,0,0,0,0,0,0,1,1,NA
9,8,4,NA,NA,NA,NA,NA,NA,NA,NA,NA,NA,NA,NA,NA,1,NA
9,8,4,NA,NA,NA,NA,NA,NA,NA,NA,NA,NA,NA,NA,NA,1,NA
9,9,4,1,0,1,NA,0,1,1,0,0,0,0,0,1,1,NA
9,9,4,1,0,1,NA,0,0,1,0,0,0,0,0,1,1,NA
9,9,4,1,0,1,NA,0,1,1,0,0,0,0,0,1,1,NA
9,9,4,1,0,1,NA,0,0,1,0,0,0,0,0,1,1,NA
